-- MySQL dump 10.13  Distrib 5.7.21, for Linux (x86_64)
--
-- Host: localhost    Database: smdev_test
-- ------------------------------------------------------
-- Server version	5.7.21

/*!40101 SET @OLD_CHARACTER_SET_CLIENT=@@CHARACTER_SET_CLIENT */;
/*!40101 SET @OLD_CHARACTER_SET_RESULTS=@@CHARACTER_SET_RESULTS */;
/*!40101 SET @OLD_COLLATION_CONNECTION=@@COLLATION_CONNECTION */;
/*!40101 SET NAMES utf8 */;
/*!40103 SET @OLD_TIME_ZONE=@@TIME_ZONE */;
/*!40103 SET TIME_ZONE='+00:00' */;
/*!40014 SET @OLD_UNIQUE_CHECKS=@@UNIQUE_CHECKS, UNIQUE_CHECKS=0 */;
/*!40014 SET @OLD_FOREIGN_KEY_CHECKS=@@FOREIGN_KEY_CHECKS, FOREIGN_KEY_CHECKS=0 */;
/*!40101 SET @OLD_SQL_MODE=@@SQL_MODE, SQL_MODE='NO_AUTO_VALUE_ON_ZERO' */;
/*!40111 SET @OLD_SQL_NOTES=@@SQL_NOTES, SQL_NOTES=0 */;


--
-- Table structure for table `answers`
--
USE smdev_test;

DROP TABLE IF EXISTS `answers`;
/*!40101 SET @saved_cs_client     = @@character_set_client */;
/*!40101 SET character_set_client = utf8 */;
CREATE TABLE `answers` (
  `ans_id` int(5) NOT NULL AUTO_INCREMENT,
  `ans_desc` varchar(50000) NOT NULL,
  `qstn_id` int(5) NOT NULL,
  `up_votes` int(11) DEFAULT '0',
  `down_votes` int(11) DEFAULT '0',
  `posted_by` varchar(50) NOT NULL,
  `created_ts` timestamp NOT NULL DEFAULT CURRENT_TIMESTAMP,
  `last_updt_ts` timestamp NOT NULL DEFAULT CURRENT_TIMESTAMP ON UPDATE CURRENT_TIMESTAMP,
  PRIMARY KEY (`ans_id`),
  KEY `qstn_id` (`qstn_id`),
  KEY `fk_ans_userid` (`posted_by`),
  CONSTRAINT `fk_ans_userid` FOREIGN KEY (`posted_by`) REFERENCES `users` (`user_id`) ON UPDATE CASCADE,
  CONSTRAINT `fk_qstn` FOREIGN KEY (`qstn_id`) REFERENCES `questions` (`qstn_id`)
) ENGINE=InnoDB AUTO_INCREMENT=181 DEFAULT CHARSET=latin1;
/*!40101 SET character_set_client = @saved_cs_client */;

--
-- Dumping data for table `answers`
--

LOCK TABLES `answers` WRITE;
/*!40000 ALTER TABLE `answers` DISABLE KEYS */;
INSERT INTO `answers` VALUES (1,'Nucleus is present inside the atom.',1,1,0,'N','2017-07-23 07:14:27','2018-01-30 15:39:42'),(2,'Sample answer to your question. Check your mail and confirm me back. Thanks',2,0,0,'N','2017-07-25 19:00:33','2017-07-25 19:00:33'),(3,'Test',3,0,0,'Cha0s','2017-07-29 10:41:49','2017-07-29 10:41:49'),(4,'Hey Arijit. Welcome to artificial intelligence learning.',7,0,0,'Cha0s','2017-07-29 11:01:11','2018-01-13 19:17:07'),(5,'Molecules -&gt; atoms \nHydrogen, Helium Lithium',1,0,1,'N','2017-07-29 17:31:47','2018-01-30 15:39:52'),(6,'Go get a life!',6,0,0,'ic','2017-07-30 03:08:27','2017-07-30 03:08:27'),(7,'her dfbp9hq34t wbtp98h23tsdfpb9h 34y',11,0,0,'Nash','2017-07-30 14:56:37','2018-01-13 19:17:07'),(8,'asefqwef',12,0,0,'Nash','2017-07-30 15:04:35','2018-01-13 19:17:07'),(9,'q23arg',12,0,0,'Nash','2017-07-30 15:07:03','2018-01-13 19:17:07'),(10,'gaming is the keyword.',8,0,0,'venky','2017-08-06 18:03:27','2018-01-13 19:17:07'),(11,'hello dude.',14,0,0,'venky','2017-08-06 18:04:55','2017-08-06 18:04:55'),(12,'Energy balance?',16,17,3,'nrperez','2017-08-08 11:29:35','2018-01-13 20:20:04'),(13,'What do you mean?',12,0,0,'nrperez','2017-08-08 11:32:33','2018-01-13 19:17:07'),(14,'Not really',10,0,0,'nrperez','2017-08-08 11:33:12','2017-08-08 11:33:12'),(15,'Can anyone help me please?',17,0,0,'nrperez','2017-08-08 11:34:21','2018-01-30 15:50:17'),(16,'huh, i just tried to answer and it threw an error',19,0,0,'nrperez','2017-08-09 11:04:36','2018-01-13 19:17:07'),(17,'I wonder if it is because of the symbols I put in my previous answer ... &quot; { [',19,20,10,'nrperez','2017-08-09 11:05:13','2018-01-13 20:17:03'),(18,'You mean how is it useful now or how it will be useful in the future?',8,0,0,'nrperez','2017-08-09 14:45:21','2017-08-09 14:51:17'),(19,'No idea dude!! :P',20,30,15,'venky','2017-08-09 14:51:58','2018-01-13 20:17:04'),(20,'Molecular cell biology basically approaches biology with tools at the scale of single cells. Some of these tools are useful to study single cells and even single structures within a cell and other tools are useful to study tissue as a whole. Just to give you an example, you could use microscopy to observe a single cell and how it moves and you could also use microscopy to look at a layer of tissue (like a biopsy from someone\'s body). Another example could be to find the genomic sequence of a single cell.... or the genomic sequences from an individual, which means that you study many cells at the same time.\n\nSomething like that',21,18,23,'nrperez','2017-08-09 16:11:12','2018-01-13 20:17:05'),(21,'No idea dude. Sorry.',17,0,0,'N','2017-08-09 20:50:43','2018-01-13 19:17:07'),(22,'what do you mean with &quot;microenvironment&quot;, are you talking about in vivo or in vitro?',22,0,0,'nrperez','2017-08-12 15:14:39','2018-01-13 19:17:07'),(23,'You might want to check the following-\n-Always use sterilized/autoclaved utilities.\n-Make sure the biosafety cabinet is always clean\n-Make sure the incubator is clean\n-Trash contaminated dishes immidiately\n-Try not to dip the pipette tips in media while transferring media/cells.\n-Always spray and take your pipettes and others useables in the biosafety cabinet while working. Don&#039;t take your hands in and out while working. \n-When you open cell culture dishes/vials, dont keep the caps with the inside facing up.  \nHaving said that, your cells can survive even if you don&#039;t do any of this. But some cells are very sensitive and need extra care.',17,0,0,'ic','2017-08-12 15:46:55','2018-01-13 19:17:07'),(24,'You mean the stucture of nucleus in a cell?',15,0,0,'ic','2017-08-12 15:50:04','2018-01-13 19:17:07'),(25,'what is this for?\n\noh look, I pressed on answer and it looks awful :P',25,0,0,'nrperez','2017-08-14 12:40:57','2018-01-13 19:17:07'),(26,'Test answer -\n\nzvvzvxcvxcxcxcxcxcxcb cbkllknlklklk ldlknlnlknlnllzcn lkllkmlkmlkmlklklkmmkmkmkmkmkmkmkmkmkmkmkmkmkmkmkmkmkmkmkmkmkmkmkmkmkmkmkmlczdczczczczczczjkjkjkksdlsjcj zlzn jdncmdjfhkuefjnieurhfondscnksdncksjdncksjdncksjndcksjdnckjsdncksjnkjnkjnksdckjnsdcknsdcjknsdckjnsdckjnsdckjnsdckjnsdckjnsdckjnsdkcjnsdcknsdcknsdckjnsdcjkn sdcsdcskjdckjsndkcnksjdncksjdnckjsdnkcjnskdjcnksdjncksjdnckjsndckjnsdkcjnskdjcnksjdncksjdncksjdnckjsndckjsndckjsndckjnsdkjcn',25,0,0,'N','2017-08-14 16:53:40','2017-08-14 16:53:40'),(27,'@#£_&amp;-+()/*&quot;&#039;:;!?,',19,0,0,'venky','2017-08-14 16:59:21','2017-08-14 16:59:21'),(28,'&lt;code&gt;\ninterview X=10;\nSystem.out.println(&quot;Hello world\n&quot;);\n&lt;/code&gt;',19,0,0,'venky','2017-08-14 17:02:57','2017-08-14 17:02:57'),(29,'it has a vast field of study',21,0,0,'venky','2017-08-16 17:05:38','2017-08-16 17:05:38'),(30,'Is this working?',26,0,0,'nrperez','2017-08-18 12:59:29','2017-08-18 12:59:29'),(31,'Check if you got the notifications.',12,0,0,'venky','2017-08-18 19:44:35','2018-01-13 19:17:07'),(32,'hey',11,0,0,'venky','2017-08-18 19:45:08','2017-08-18 19:45:08'),(33,'If the word length is exceeding the window size or the division size, its overflowing out of the window.',25,0,0,'N','2017-08-19 14:42:12','2017-08-19 14:42:12'),(34,'in vivo or in vitro?',22,0,0,'N','2017-08-19 14:42:54','2018-01-13 19:17:07'),(35,'test ans',8,0,0,'N','2017-08-19 14:46:15','2018-01-13 19:17:07'),(36,'Here is a test answer to check for notifications...',27,0,0,'N','2017-08-19 14:48:30','2018-01-13 19:17:07'),(37,'This is a test answer. I want to see if you get notifications',26,0,0,'ic','2017-08-19 14:53:27','2017-08-30 14:39:28'),(38,'Check out the link posted by IC.',17,0,0,'venky','2017-08-20 13:40:48','2017-08-20 13:40:48'),(39,'vjhbkjhuhbjhbjhbjhbjhbj',27,0,0,'ic','2017-08-20 14:45:37','2018-01-13 19:17:07'),(40,'ukvkgvjvkhk',26,0,0,'ic','2017-08-20 14:46:15','2017-08-20 14:46:15'),(41,'asdfawef',26,0,0,'ic','2017-08-20 14:47:46','2017-08-20 14:47:46'),(42,'asdfasdf',26,0,0,'ic','2017-08-20 14:47:54','2017-08-20 14:47:54'),(43,'asdfasdf',26,0,0,'ic','2017-08-20 14:47:56','2017-08-20 14:47:56'),(44,'asdfasdf',26,0,0,'ic','2017-08-20 14:47:58','2017-08-20 14:47:58'),(45,'asdfadf',26,0,0,'ic','2017-08-20 14:47:59','2017-08-20 14:47:59'),(46,'asdfawef',26,0,0,'ic','2017-08-20 14:48:16','2017-08-20 14:48:16'),(47,'sdvsdr',26,0,0,'ic','2017-08-20 14:48:43','2018-01-13 19:17:07'),(48,'qwrbij',26,0,0,'ic','2017-08-20 14:48:46','2018-01-13 19:17:07'),(49,'vkjhbkhb',27,0,0,'ic','2017-08-20 14:51:57','2018-01-13 19:17:07'),(50,'Hi this is an anonymous user (venky) :P',12,0,0,'user1','2017-08-21 05:12:14','2018-01-13 19:17:07'),(51,'honestly I have no idea why. Are you seeding them in a dish?',27,0,0,'nrperez','2017-08-22 23:27:39','2018-01-13 19:17:07'),(52,'Why can I answer my own question?',12,0,0,'Nash','2017-08-24 23:41:16','2017-08-24 23:41:16'),(53,'anwer',12,0,0,'Nash','2017-08-24 23:41:52','2017-08-24 23:41:52'),(54,'The cool kind.',28,0,0,'Nash','2017-08-24 23:43:51','2018-01-13 19:17:07'),(55,'answer',12,0,0,'Nash','2017-08-24 23:44:30','2017-08-24 23:44:30'),(56,'Glue. Boom.',27,0,0,'Nash','2017-08-24 23:45:55','2018-01-13 19:17:07'),(57,'All the world’s a stage, And all the yeast merely players; They have their exits and their entrances, And one yeast in his time plays many parts,',19,0,0,'Nash','2017-08-24 23:51:19','2018-01-13 19:17:07'),(58,'Which is....?',28,0,0,'nrperez','2017-08-29 11:41:40','2018-01-13 19:17:07'),(59,'no idea abt quantum dots',29,0,0,'venky','2017-08-29 14:28:19','2018-01-13 19:17:07'),(60,'really?',29,0,0,'nrperez','2017-08-30 14:14:39','2017-08-30 14:14:39'),(61,'answer',28,0,0,'nrperez','2017-08-30 14:21:02','2017-08-31 18:46:14'),(62,'answer',12,0,0,'Nash','2017-08-30 14:30:23','2017-08-30 14:30:23'),(63,'hello',11,0,0,'Nash','2017-08-30 14:31:41','2017-08-30 14:31:41'),(64,'hello',10,0,0,'Nash','2017-08-30 14:31:49','2018-01-13 19:17:07'),(65,'answer',29,0,0,'nrperez','2017-08-30 14:33:32','2017-08-30 14:33:32'),(66,'answer',28,0,0,'nrperez','2017-08-30 14:33:38','2017-08-31 18:46:15'),(67,'answer',26,0,0,'nrperez','2017-08-30 14:33:45','2018-01-13 16:22:48'),(68,'hello',17,0,0,'nrperez','2017-08-30 14:34:30','2018-01-13 19:17:07'),(69,'zn',17,0,0,'nrperez','2017-08-30 14:35:12','2018-01-13 19:17:07'),(70,'anwer',13,0,0,'nrperez','2017-08-30 14:35:43','2017-08-30 14:35:43'),(71,'So if I answer once, can I keep answering my own question?',30,0,0,'nrperez','2017-08-30 22:51:53','2017-08-31 18:45:34'),(72,'I think so, but I need to refresh the page',30,0,0,'nrperez','2017-09-03 02:33:33','2018-01-13 19:17:07'),(73,'so?',31,0,0,'nrperez','2017-09-04 11:46:47','2018-01-13 19:17:07'),(74,'many parts?',19,0,0,'venky','2017-09-08 18:34:26','2017-09-08 18:34:26'),(75,'another answer',12,0,0,'venky','2017-09-08 18:37:23','2017-09-08 18:37:23'),(76,'xc xzxczxczxcz',27,0,0,'ic','2017-09-10 14:31:41','2018-01-13 19:17:07'),(77,'lsdnvlksjdnvlisdnvsdnv;sfv',35,0,0,'ic','2017-09-10 15:02:00','2017-09-10 15:02:00'),(78,'nvkxjfvlsjbv;sjnv;lsnfb',35,0,0,'ic','2017-09-10 15:03:00','2017-09-13 13:18:23'),(79,'It&#039;s the science of materials :D',32,0,0,'nrperez','2017-09-10 16:53:02','2018-01-13 19:17:07'),(80,'Does it perform?',33,0,0,'nrperez','2017-09-10 16:53:10','2017-09-10 16:53:10'),(81,'safsgd',35,0,0,'nrperez','2017-09-10 16:53:20','2018-01-13 19:17:07'),(82,'gd?',34,0,0,'nrperez','2017-09-10 16:53:26','2018-01-13 19:17:07'),(83,'Hey I am bit confused. I just tried posting a question but the website went to a blank page... it does not update anymore',33,0,0,'nrperez','2017-09-10 16:55:18','2017-09-10 16:55:18'),(84,'check the upvoting and downvoting in safari/IE. This shud work now. Thanks',27,0,0,'venky','2017-09-10 17:27:26','2017-09-10 17:27:26'),(85,'thats cool.',27,0,0,'venky','2017-09-10 19:31:34','2017-09-10 19:31:34'),(86,'Seems to be working fine.',37,0,0,'N','2017-09-11 02:49:11','2017-09-11 02:49:11'),(87,'Yes it is working as I can see. :)',42,0,0,'venky','2017-09-13 18:35:50','2017-09-13 18:35:50'),(88,'kjnzdckjnkjdznc',41,0,0,'ic','2017-09-13 18:50:00','2017-09-13 18:50:00'),(89,'another test answer',41,0,0,'ic','2017-09-13 18:50:32','2017-09-13 18:50:32'),(90,'ugilkguilhil',31,0,0,'ic','2017-09-13 18:51:03','2018-01-13 19:17:07'),(91,'If you refresh the page only then you will be able to answer your own question.',30,0,0,'N','2017-09-17 09:24:47','2018-01-13 19:17:07'),(92,'I like tic tac toe',8,0,0,'Nash','2017-09-17 14:16:24','2017-09-17 14:16:24'),(93,'they are small',3,0,0,'Nash','2017-09-17 14:16:59','2017-09-17 14:16:59'),(94,'stop drinking the media',17,0,0,'Nash','2017-09-17 14:17:24','2018-01-27 07:15:21'),(95,'answer',39,0,0,'Nash','2017-09-17 14:19:19','2017-09-17 14:19:19'),(96,'hjbjhbkjhbj',12,0,0,'ic','2017-09-17 14:41:48','2017-09-17 14:41:48'),(97,'hjnjn',8,0,0,'ic','2017-09-17 14:46:27','2017-09-17 14:46:27'),(98,'this is my answer',36,0,0,'ic','2017-09-17 14:47:13','2017-09-17 14:47:13'),(99,'jhbjkj;km',17,0,0,'ic','2017-09-17 15:05:32','2017-09-17 15:05:32'),(100,'Yeah I noticed',42,0,0,'nrperez','2017-09-18 00:37:12','2018-01-20 18:40:01'),(101,'kjszdjbckjsbdv',41,0,0,'ic','2017-09-24 14:35:14','2018-01-13 19:17:07'),(102,'dddddddd',31,0,0,'ic','2017-09-24 14:35:50','2018-01-13 19:17:07'),(103,'this is demo answer',27,0,0,'venky','2017-09-24 14:39:19','2017-09-24 14:39:19'),(104,'does it relate?',41,0,0,'nrperez','2017-09-28 13:33:03','2018-01-13 19:17:07'),(105,'any suggestion?',31,0,0,'nrperez','2017-09-28 13:37:17','2018-01-13 19:17:07'),(106,'up',29,0,0,'nrperez','2017-09-28 13:38:32','2017-09-28 13:38:32'),(107,'update',40,0,0,'nrperez','2017-09-30 16:31:59','2018-01-13 19:17:07'),(108,'Hey can I comment myself?',9,0,0,'Nash','2017-10-01 22:48:41','2017-10-01 22:48:41'),(109,'answering your question..',27,0,0,'venky','2017-10-09 18:49:29','2017-10-09 18:49:29'),(110,'Your should get notifications now',26,0,0,'venky','2017-10-09 18:50:39','2017-10-09 18:50:39'),(111,'Yes why not.',9,0,0,'venky','2017-10-12 14:20:24','2017-10-12 14:20:24'),(112,'what kind of ruber duck are we talking about?',49,0,0,'nrperez','2017-10-15 00:12:22','2017-10-15 00:12:22'),(113,'???',31,0,0,'nrperez','2017-10-15 00:14:00','2018-01-13 19:17:07'),(114,'Hey!',26,0,0,'nrperez','2017-10-15 14:58:40','2018-01-13 19:17:07'),(115,'Another one',27,0,0,'nrperez','2017-10-15 14:59:04','2018-01-13 19:17:07'),(116,'jkb b ,bkjb/lk',50,0,0,'ic','2017-10-18 17:43:41','2017-10-18 17:43:41'),(117,'vzkjnfvlnzd;vjnsdv',36,0,0,'ic','2017-10-18 17:50:16','2017-10-18 17:50:16'),(118,'xvzdfvdfv\nfdvzdfvdfbdfb',27,0,0,'ic','2017-10-18 17:54:37','2017-10-18 17:54:37'),(119,'No idea on this.',27,0,0,'venky','2017-10-24 17:49:06','2017-10-24 17:49:06'),(120,'RPTEC. :D',27,0,0,'venky','2017-10-24 17:49:51','2017-10-24 17:49:51'),(121,'Loading qstn...',40,0,0,'venky','2017-10-28 06:40:07','2017-10-28 06:40:07'),(122,'kzdfjjfnclndlvijfd',46,0,0,'ic','2017-10-29 15:34:03','2017-10-29 15:34:03'),(123,'Is the confusion clear?',31,0,0,'venky','2017-11-09 15:24:31','2017-11-09 15:24:31'),(124,'what are youo talking about!!!',31,0,0,'ic','2017-11-19 15:44:39','2017-11-19 15:44:39'),(125,'akndslkjnlajkndsv',31,0,0,'ic','2017-11-19 15:47:20','2017-11-19 15:47:20'),(126,'sdnviljsndvjnsf',31,0,0,'ic','2017-11-23 03:07:47','2018-01-13 19:17:07'),(127,'this is a stupid question',52,0,0,'ic','2017-11-23 03:10:30','2018-01-13 19:17:07'),(128,'hello',52,0,0,'sbhatt11','2017-11-25 22:59:20','2017-11-25 22:59:20'),(129,'you can&#039;t',50,12,2,'sbhatt11','2017-11-25 22:59:46','2018-01-13 20:20:05'),(130,'what do you mean you cant?',50,15,10,'nrperez','2017-12-08 14:36:12','2018-01-13 20:20:06'),(131,'Hey. Using my mobile device to surf',26,0,0,'venky','2017-12-08 16:34:28','2017-12-08 16:34:28'),(132,'Is it really?',52,0,0,'venky','2017-12-09 03:31:35','2018-01-13 19:17:07'),(133,'demo demo',24,0,0,'nrperez','2017-12-10 23:07:13','2017-12-10 23:07:13'),(134,'is that an answer_',46,0,0,'nrperez','2017-12-12 02:02:56','2017-12-12 02:02:56'),(135,'this way of displaying messages is a bit confusing... no?',31,0,0,'nrperez','2017-12-12 02:03:25','2018-01-13 19:17:07'),(136,'as',35,0,0,'nrperez','2017-12-16 21:39:59','2017-12-16 21:39:59'),(137,'sdcnksdnkjnsdv',35,0,0,'ic','2017-12-18 00:48:50','2017-12-18 00:48:50'),(138,'incubator issue',26,0,0,'venky','2017-12-24 11:51:07','2017-12-24 11:51:07'),(139,'Yo Yo!!',24,0,0,'venky','2017-12-24 12:05:42','2017-12-24 12:05:42'),(140,'Am too much interested in plasma bonding concepts. Can u plz help me with this ?',46,0,0,'user1','2018-01-03 19:07:33','2018-01-03 19:07:33'),(141,'cohesion and adhesion',52,0,0,'spiderX','2018-01-11 20:39:30','2018-01-13 19:17:07'),(142,'how to make it immobile? I too have no idea on it. Can u explain if u know?',52,0,0,'venky','2018-01-12 16:09:55','2018-01-12 16:09:55'),(143,'test answer 1',52,0,0,'venky','2018-01-12 16:16:34','2018-01-12 16:16:34'),(144,'test answer 2',52,0,0,'venky','2018-01-12 16:26:16','2018-01-12 16:26:16'),(145,'test answer 3',52,0,0,'venky','2018-01-12 16:26:51','2018-01-12 16:26:51'),(146,'test answer 4',52,0,0,'venky','2018-01-12 16:29:16','2018-01-12 16:29:16'),(147,'test answer 5',52,0,0,'venky','2018-01-12 17:09:39','2018-01-12 17:09:39'),(148,'test answer 6',52,0,0,'venky','2018-01-12 17:11:12','2018-01-12 17:11:12'),(149,'test answer 7',52,0,0,'venky','2018-01-12 17:17:13','2018-01-12 17:17:13'),(150,'here is my answer...',52,0,0,'venky','2018-01-12 19:45:09','2018-01-12 19:45:09'),(151,'ho',1,0,0,'venky','2018-01-12 19:48:52','2018-01-12 19:48:52'),(152,'immoble yeast cells',52,0,0,'venky','2018-01-13 04:14:42','2018-01-13 04:14:42'),(153,'test scroll',26,0,0,'venky','2018-01-13 04:17:19','2018-01-13 04:17:19'),(154,'deep scroll',26,0,0,'venky','2018-01-13 04:19:54','2018-01-13 04:19:54'),(155,'adhesion',52,0,0,'venky','2018-01-13 04:25:02','2018-01-13 04:25:02'),(156,'scrolling testing',26,0,0,'venky','2018-01-13 06:06:10','2018-01-13 06:06:10'),(157,'scroll test scroll test',26,0,0,'venky','2018-01-13 06:08:12','2018-01-13 06:08:12'),(158,'I am growing cells in the incubator in my lab but it seems that they are all dying. Any idea why could this be happening? wing cells in the incubat wing cells in the incubatwing cells in the incubatwing cells in the incubatwing cells in the incubatwing cells in the incubat',26,0,0,'venky','2018-01-13 16:28:24','2018-01-13 16:28:24'),(159,'dont do',17,0,0,'venky','2018-01-14 12:06:02','2018-01-14 12:06:02'),(160,'Need to cover it properly.',60,0,0,'venky','2018-01-14 12:56:04','2018-01-14 12:56:04'),(161,'ata science, articificial intelligence. Data science, articificial intelligence. Data science, articificial intelligence. Data science, articificial intelligence. Data science, articificial intelligence. Data science, articificial intelligence. Data science, articificial intelligence. Data science, articificial intelligence. Data science, articificial intelligence. Data science, articificial intelligence. Data science, articificial intelligence. Data science, articificial intelligence. Data science, articificial intelligence. Data science, articificial intelligence. Data science, articificial intelligence. Data science, articificial intelligence. Data science, articificial intelligence. Data science, articificial intelligence. Data science, articificial intelligence. Data science, articificial intelligence. Data science, articificial intelligence.',7,0,0,'venky','2018-01-21 11:45:53','2018-01-21 11:45:53'),(162,'how are the cells getting contaminated ?',17,0,0,'venky','2018-01-21 12:51:04','2018-01-21 12:51:04'),(163,'&lt;p&gt;Cells are getting contaminated? what are u doing then ? Please take care of it.&lt;/p&gt;',17,0,0,'venky','2018-01-27 07:11:37','2018-01-27 07:11:37'),(164,'&lt;p&gt;Cells are getting contaminated? what are u doing then ? Please take care of it.&lt;/p&gt;',17,0,0,'venky','2018-01-27 07:12:10','2018-01-27 07:12:10'),(165,'&lt;h2&gt;Cells are getting contaminated? what are u doing then ? Please take care of it.&lt;/h2&gt;',17,0,0,'venky','2018-01-27 07:12:25','2018-01-27 07:12:25'),(166,'&lt;p&gt;&lt;kbd&gt;how is this happening? :O&lt;/kbd&gt;&lt;/p&gt;',17,0,0,'venky','2018-01-27 07:12:48','2018-01-27 07:12:48'),(167,'&lt;p&gt;&lt;img alt=&quot;large mathit{iint_{x}^{y} 1234} + mathit{iint_{x}^{y} 1234} + mathit{iint_{x}^{y} 1234} + mathit{iint_{x}^{y} 1234} + mathit{iint_{x}^{y} 1234}&quot; src=&quot;http://latex.codecogs.com/gif.latex?%5Cbg_white%20%5Cfn_cm%20%5Clarge%20%5Cmathit%7B%5Ciint_%7Bx%7D%5E%7By%7D%201234%7D%20&amp;amp;plus;%20%5Cmathit%7B%5Ciint_%7Bx%7D%5E%7By%7D%201234%7D%20&amp;amp;plus;%20%5Cmathit%7B%5Ciint_%7Bx%7D%5E%7By%7D%201234%7D%20&amp;amp;plus;%20%5Cmathit%7B%5Ciint_%7Bx%7D%5E%7By%7D%201234%7D%20&amp;amp;plus;%20%5Cmathit%7B%5Ciint_%7Bx%7D%5E%7By%7D%201234%7D&quot; /&gt;&lt;/p&gt;',17,0,0,'venky','2018-01-27 07:16:07','2018-01-27 07:16:07'),(168,'<p>Mechanics of cell deas with cell mechanism. Lol. Pretty cool huh. What far is it covered. Wel, I don&#39;t know what I am sking though.&nbsp;</p>\n\n<p>&nbsp;</p>',17,0,0,'venky','2018-01-27 07:21:21','2018-01-27 07:21:21'),(169,'<p>Lets see how the image scales up in this text area.</p>\n\n<p><img alt=\"science\" src=\"http://s2.thingpic.com/images/QR/32yp7zMfPjuQ5S61be1mLxVd.png\" /></p>',17,0,0,'venky','2018-01-27 07:22:37','2018-01-27 07:22:37'),(170,'<p>Lets see how the image scales up in this text area.</p>\n\n<p><img alt=\"science\" src=\"http://s2.thingpic.com/images/QR/32yp7zMfPjuQ5S61be1mLxVd.png\" style=\"height:114px; width:200px\" /></p>',17,0,0,'venky','2018-01-27 07:22:58','2018-01-27 07:22:58'),(171,'<p><img alt=\"sqrt{125}\" src=\"http://latex.codecogs.com/gif.latex?%5Csqrt%7B125%7D\" /></p>',17,0,0,'venky','2018-01-27 07:23:39','2018-01-27 07:23:39'),(172,'<p>I have been working in cell culture for a little while but my cells are always getting contaminated... what am I doing wrongI have been working in cell culture for a little while but my <span class=\"marker\">cells are always getting contaminated.</span>.. what am I doing wrongI have been <strong>working </strong>in cell culture for a little while but my cells are always getting contaminated... what am I doing wrongI have been working in cell culture for a little while but my cells are always getting contaminated... what am I doing wrong....</p>',17,0,0,'venky','2018-01-27 07:27:34','2018-01-27 07:27:34'),(173,'<p>Haha. Very funny question though. Any explanation ?</p>',60,0,0,'venky','2018-01-27 07:32:37','2018-01-27 07:32:37'),(174,'<p>Mechanics of cell deas with cell mechanism. Lol. Pretty cool huh. What far is it covered. Wel, I don&#39;t know what I am sking though.&nbsp;Mechanics of cell deas with cell mechanism. Lol. Pretty cool huh. What far is it covered. Wel, I don&#39;t know what I am sking though.&nbsp;Mechanics of cell deas with cell mechanism. Lol. Pretty cool huh. What far is it covered. Wel, I don&#39;t know what I am sking though.&nbsp;Mechanics of cell deas with cell mechanism. Lol. Pretty cool huh. What far is it covered. Wel, I don&#39;t know what I am sking though.&nbsp;Mechanics of cell deas with cell mechanism. Lol. Pretty cool huh. What far is it covered. Wel, I don&#39;t know what I am sking though.&nbsp;Mechanics of cell deas with cell mechanism. Lol. Pretty cool huh. What far is it covered. Wel, I don&#39;t know what I am sking though.&nbsp;</p>',60,0,0,'venky','2018-01-27 07:32:58','2018-01-27 07:32:58'),(175,'<p>Mechanics of cell deas with cell mechanism. Lol. Pretty cool huh. What far is it covered. Wel, I don&#39;t know what I am sking though.&nbsp;Mechanics of cell deas with cell mechanism. Lol. Pretty cool huh. What far is it covered. Wel, I don&#39;t know what I am sking though.&nbsp;Mechanics of cell deas with cell mechanism. Lol. Pretty cool huh. What far is it covered. Wel, I don&#39;t know what I am sking though.&nbsp;Mechanics of cell deas with cell mechanism. Lol. Pretty cool huh. What far is it covered. Wel, I don&#39;t know what I am sking though.&nbsp;Mechanics of cell deas with cell mechanism. Lol. Pretty cool huh. What far is it covered. Wel, I don&#39;t know what I am sking though.&nbsp;Mechanics of cell deas with cell mechanism. Lol. Pretty cool huh. What far is it covered. Wel, I don&#39;t know what I am sking though.&nbsp;</p>\n\n<p>&nbsp;</p>\n\n<table border=\"1\" cellpadding=\"1\" cellspacing=\"1\" style=\"width:500px\">\n	<caption><strong>sample data</strong></caption>\n	<tbody>\n		<tr>\n			<td>header1</td>\n			<td>header2</td>\n		</tr>\n		<tr>\n			<td>value1</td>\n			<td>value2</td>\n		</tr>\n		<tr>\n			<td>value3</td>\n			<td>value4</td>\n		</tr>\n	</tbody>\n</table>\n\n<p>&nbsp;</p>',60,0,0,'venky','2018-01-27 07:35:33','2018-01-27 07:35:33'),(176,'<p>dvDVSDVAADv</p>',41,0,0,'ic','2018-02-10 19:47:01','2018-02-10 19:47:01'),(177,'<p><img alt=\"\" src=\"https://www.google.com/search?biw=1536&amp;bih=759&amp;tbm=isch&amp;sa=1&amp;ei=1UOAWuOlHY2k_Qaz_KuADg&amp;q=circles+in+line&amp;oq=circles+in+line&amp;gs_l=psy-ab.3..0i8i30k1.7017.16531.0.16691.28.24.2.2.2.0.78.1463.24.24.0....0...1c.1.64.psy-ab..0.28.1490...0j0i67k1.0.IIs78_6eKgE#imgrc=Ww-y8ff1ohK9GM:\" /></p>',61,0,0,'ic','2018-02-11 13:38:32','2018-02-11 13:38:32'),(178,'hello world',17,0,0,'john12345','2018-02-11 16:04:18','2018-02-11 16:04:18'),(179,'I think it was pertinent to his life maybe thats why he asked. :lol:. Just testing things out here.',6,0,0,'bala','2018-02-12 18:42:41','2018-02-12 18:42:41'),(180,'That you might not have intended to ask this question but it still apeared out of no where?',36,0,0,'bala','2018-02-12 18:43:20','2018-02-12 18:43:20');
/*!40000 ALTER TABLE `answers` ENABLE KEYS */;
UNLOCK TABLES;

--
-- Table structure for table `bookmarks`
--

DROP TABLE IF EXISTS `bookmarks`;
/*!40101 SET @saved_cs_client     = @@character_set_client */;
/*!40101 SET character_set_client = utf8 */;
CREATE TABLE `bookmarks` (
  `bkmrk_id` int(11) NOT NULL AUTO_INCREMENT,
  `user_id` varchar(50) NOT NULL,
  `post_id` int(11) NOT NULL,
  `post_type` char(1) NOT NULL DEFAULT 'Q',
  `created_ts` timestamp NOT NULL DEFAULT CURRENT_TIMESTAMP,
  `last_updt_ts` timestamp NOT NULL DEFAULT CURRENT_TIMESTAMP ON UPDATE CURRENT_TIMESTAMP,
  PRIMARY KEY (`bkmrk_id`),
  UNIQUE KEY `bk_uq` (`user_id`,`post_id`),
  KEY `fk_bk2_idx` (`post_id`),
  CONSTRAINT `fk_bk1` FOREIGN KEY (`user_id`) REFERENCES `users` (`user_id`) ON UPDATE CASCADE,
  CONSTRAINT `fk_bk2` FOREIGN KEY (`post_id`) REFERENCES `questions` (`qstn_id`) ON UPDATE CASCADE
) ENGINE=InnoDB AUTO_INCREMENT=43 DEFAULT CHARSET=latin1;
/*!40101 SET character_set_client = @saved_cs_client */;

--
-- Dumping data for table `bookmarks`
--

LOCK TABLES `bookmarks` WRITE;
/*!40000 ALTER TABLE `bookmarks` DISABLE KEYS */;
INSERT INTO `bookmarks` VALUES (5,'user1',46,'Q','2018-01-03 19:06:08','2018-01-03 19:06:08'),(6,'user1',20,'Q','2018-01-03 19:06:16','2018-01-03 19:06:16'),(7,'user1',53,'Q','2018-01-03 19:06:22','2018-01-03 19:06:22'),(12,'spiderX',52,'Q','2018-01-11 20:39:57','2018-01-11 20:39:57'),(13,'spiderX',27,'Q','2018-01-11 20:40:02','2018-01-11 20:40:02'),(35,'venky',3,'Q','2018-01-27 05:43:45','2018-01-27 05:43:45'),(36,'venky',64,'Q','2018-02-01 17:46:15','2018-02-01 17:46:15'),(38,'john12345',64,'Q','2018-02-11 16:05:38','2018-02-11 16:05:38'),(42,'venky',67,'Q','2018-03-18 04:02:35','2018-03-18 04:02:35');
/*!40000 ALTER TABLE `bookmarks` ENABLE KEYS */;
UNLOCK TABLES;

--
-- Table structure for table `comments`
--

DROP TABLE IF EXISTS `comments`;
/*!40101 SET @saved_cs_client     = @@character_set_client */;
/*!40101 SET character_set_client = utf8 */;
CREATE TABLE `comments` (
  `comment_id` int(11) NOT NULL AUTO_INCREMENT,
  `comment_desc` varchar(5000) NOT NULL,
  `ans_id` int(11) NOT NULL,
  `posted_by` varchar(50) NOT NULL,
  `created_ts` timestamp NOT NULL DEFAULT CURRENT_TIMESTAMP,
  `last_updt_ts` timestamp NOT NULL DEFAULT CURRENT_TIMESTAMP ON UPDATE CURRENT_TIMESTAMP,
  PRIMARY KEY (`comment_id`),
  KEY `fk_ans_id` (`ans_id`),
  KEY `fk_cmnt_user_id` (`posted_by`),
  CONSTRAINT `fk_ans_id` FOREIGN KEY (`ans_id`) REFERENCES `answers` (`ans_id`),
  CONSTRAINT `fk_cmnt_user_id` FOREIGN KEY (`posted_by`) REFERENCES `users` (`user_id`) ON UPDATE CASCADE
) ENGINE=InnoDB AUTO_INCREMENT=117 DEFAULT CHARSET=latin1;
/*!40101 SET character_set_client = @saved_cs_client */;

--
-- Dumping data for table `comments`
--

LOCK TABLES `comments` WRITE;
/*!40000 ALTER TABLE `comments` DISABLE KEYS */;
INSERT INTO `comments` VALUES (1,'Please elaborate. Thanks. ',1,'N','2017-07-23 07:15:44','0000-00-00 00:00:00'),(2,'cmntd\n',3,'Cha0s','2017-07-29 10:42:46','0000-00-00 00:00:00'),(3,'Are you nuts!',6,'ic','2017-07-30 03:09:56','0000-00-00 00:00:00'),(4,'Yeesss!',6,'ic','2017-07-30 03:14:59','0000-00-00 00:00:00'),(5,'qwefaf',8,'Nash','2017-07-30 15:04:43','0000-00-00 00:00:00'),(6,'can u plz elaborate?',12,'venky','2017-08-09 05:02:27','0000-00-00 00:00:00'),(7,'Hi Nico. Check if it is resolved now. Thanks.',17,'venky','2017-08-09 13:44:10','0000-00-00 00:00:00'),(8,'thank you anyway :)',19,'nrperez','2017-08-09 16:07:17','0000-00-00 00:00:00'),(9,'What is its scope in future generations. ',18,'venky','2017-08-09 20:54:04','0000-00-00 00:00:00'),(10,'I meant Invivo. What are the different mechanisms of cell migration discovered so far.?',22,'ic','2017-08-12 15:35:35','0000-00-00 00:00:00'),(11,'This is a comment',23,'venky','2017-08-12 16:18:59','0000-00-00 00:00:00'),(12,'Can you please tell me how awful was it? I can see the question is overflowing. Will check that. Thanks',25,'N','2017-08-14 16:52:59','0000-00-00 00:00:00'),(13,'This looks weird!! 😶😶',26,'N','2017-08-14 16:54:17','0000-00-00 00:00:00'),(14,'<code>import java.io.*</code>',27,'venky','2017-08-14 17:00:15','0000-00-00 00:00:00'),(15,'It works. Thanks :D',36,'ic','2017-08-19 14:48:52','0000-00-00 00:00:00'),(16,'can you post a comment as well. I want to check?',36,'ic','2017-08-19 14:49:20','0000-00-00 00:00:00'),(17,'Yes sure. this is a comment. Thanks.',36,'N','2017-08-19 14:50:22','0000-00-00 00:00:00'),(18,'Yes. This is the reason I posted it. Also I should be able to see the entire question in the page without going to the answer page. If you look at the question then, it online shows a line and then some dots (....)',33,'ic','2017-08-19 14:51:41','0000-00-00 00:00:00'),(19,'Ok. Actually, I made that changes. Will change it. Thanks.',33,'N','2017-08-19 14:52:33','0000-00-00 00:00:00'),(20,'This is a test answer. I want to see if you get notifications. ',30,'ic','2017-08-19 14:53:17','0000-00-00 00:00:00'),(21,'Refer to the link. Thanks. ',15,'venky','2017-08-20 13:41:24','0000-00-00 00:00:00'),(22,'ukygkuygkuyg\n',36,'ic','2017-08-20 14:38:33','0000-00-00 00:00:00'),(23,'cell culture',39,'N','2017-08-21 05:15:39','0000-00-00 00:00:00'),(24,'yo dog. ',52,'Nash','2017-08-24 23:47:49','0000-00-00 00:00:00'),(25,'why can I comment my own question?',52,'Nash','2017-08-24 23:47:59','0000-00-00 00:00:00'),(26,'would u want me to set the restriction that the user who is posting the question is not able to answer his own question? I think commenting on his/her own answer is fine as ppl can interact via comments.',52,'venky','2017-08-29 14:31:50','0000-00-00 00:00:00'),(27,'Did u see formatting in your question?',73,'venky','2017-09-09 08:32:42','0000-00-00 00:00:00'),(28,'yes, in a dish. ',51,'ic','2017-09-10 14:29:27','0000-00-00 00:00:00'),(29,'sdhvkldnflvndslvnl;d.....Dfvkdsjfvkjsdfnb',77,'ic','2017-09-10 15:02:25','0000-00-00 00:00:00'),(30,'vjnkxjfnkvjnfv\n',77,'ic','2017-09-10 15:03:28','0000-00-00 00:00:00'),(31,'ofxnvnflvksnmfv',78,'ic','2017-09-10 15:03:31','0000-00-00 00:00:00'),(32,'Thats cool. :)',79,'venky','2017-09-10 17:24:26','0000-00-00 00:00:00'),(33,'are u still facing the same issue?',83,'venky','2017-09-10 17:25:52','0000-00-00 00:00:00'),(34,'vhgbhbhbkjhb\n',62,'ic','2017-09-17 14:40:31','0000-00-00 00:00:00'),(35,'what are these actually? o.O',22,'venky','2017-09-24 11:30:05','0000-00-00 00:00:00'),(36,'jjj',96,'ic','2017-09-24 14:48:35','0000-00-00 00:00:00'),(37,'ahbdchb',96,'ic','2017-09-24 14:48:39','0000-00-00 00:00:00'),(38,'kadsbckbjsd',96,'ic','2017-09-24 14:48:42','0000-00-00 00:00:00'),(39,'kbakdjbca',96,'ic','2017-09-24 14:48:53','0000-00-00 00:00:00'),(40,'asbckjabdc',96,'ic','2017-09-24 14:48:56','0000-00-00 00:00:00'),(41,'kajdckabdlc',96,'ic','2017-09-24 14:49:00','0000-00-00 00:00:00'),(42,'akdjbckadbckabdcjadcadcvjadadhcvjahdvc   djchvjadhc',96,'ic','2017-09-24 14:49:23','0000-00-00 00:00:00'),(43,'akjdckbdkcjbakdbc ',96,'ic','2017-09-24 14:49:28','0000-00-00 00:00:00'),(44,'akjdbckdjbcksdvcnlsdncvs',96,'ic','2017-09-24 14:49:39','0000-00-00 00:00:00'),(45,'sdkuchksdjvsdv',96,'ic','2017-09-24 14:49:43','0000-00-00 00:00:00'),(46,'does it comment?',72,'nrperez','2017-09-28 13:37:46','0000-00-00 00:00:00'),(47,'I want to leave another one',72,'nrperez','2017-09-28 13:37:55','0000-00-00 00:00:00'),(48,'and another one',72,'nrperez','2017-09-28 13:37:58','0000-00-00 00:00:00'),(49,'nice',72,'nrperez','2017-09-28 13:38:02','0000-00-00 00:00:00'),(50,'Hey',32,'Nash','2017-10-01 22:46:30','0000-00-00 00:00:00'),(51,'But why not? ',14,'Nash','2017-10-01 22:48:16','0000-00-00 00:00:00'),(52,'Hey',108,'Nash','2017-10-01 22:50:52','0000-00-00 00:00:00'),(53,'See Nash. I commented your answer.',56,'venky','2017-10-09 18:46:45','0000-00-00 00:00:00'),(54,'Commenting....',48,'venky','2017-10-10 13:27:02','0000-00-00 00:00:00'),(55,'Please check it now.',37,'venky','2017-10-10 13:29:29','0000-00-00 00:00:00'),(56,'m',110,'venky','2017-10-11 14:49:31','0000-00-00 00:00:00'),(57,'comment',67,'venky','2017-10-12 14:20:04','0000-00-00 00:00:00'),(58,'Yes u can comment.',108,'venky','2017-10-12 14:20:39','0000-00-00 00:00:00'),(59,'hi.nmbbb',109,'venky','2017-10-14 10:48:56','0000-00-00 00:00:00'),(60,'lsdnv;dlfnvbk',96,'ic','2017-10-18 17:42:07','0000-00-00 00:00:00'),(61,'xcjnv kjzdfnvjnsdVJKnblsJDVN ',81,'ic','2017-10-18 17:47:40','0000-00-00 00:00:00'),(62,'jkvlbv;ljbn\nhjvlhbvkj\njhbvkbk',98,'ic','2017-10-18 17:52:43','0000-00-00 00:00:00'),(63,'zvzvdfv\nvj hbkjvbkdxf',115,'ic','2017-10-18 17:54:28','0000-00-00 00:00:00'),(64,'asdgfilaf\n',118,'ic','2017-10-18 17:57:18','0000-00-00 00:00:00'),(65,'hey. u dere?',56,'venky','2017-10-24 17:47:35','0000-00-00 00:00:00'),(66,'Haha',22,'venky','2017-10-24 17:48:00','0000-00-00 00:00:00'),(67,'njdnfjdnfd jdnfdsf',118,'venky','2017-10-24 17:49:20','0000-00-00 00:00:00'),(68,'Yes bro. ;)',114,'venky','2017-10-28 06:39:32','0000-00-00 00:00:00'),(69,'csncknskdcjna',73,'ic','2017-10-29 14:30:52','0000-00-00 00:00:00'),(70,'csdkjckzsdjcsdv',90,'ic','2017-10-29 14:31:00','0000-00-00 00:00:00'),(71,'mcs cksd c',116,'ic','2017-10-29 14:32:45','0000-00-00 00:00:00'),(72,'nhvkjb',73,'ic','2017-10-29 14:37:04','0000-00-00 00:00:00'),(73,'skvnksjnvsv',96,'ic','2017-11-01 23:27:37','0000-00-00 00:00:00'),(74,'xncvknkfnv',53,'ic','2017-11-01 23:28:15','0000-00-00 00:00:00'),(75,'jxnvknzkjvnnfv',97,'ic','2017-11-01 23:28:42','0000-00-00 00:00:00'),(76,'will drink the media',94,'venky','2017-11-09 15:20:50','0000-00-00 00:00:00'),(77,'Thats cool now. Right?',73,'venky','2017-11-09 15:22:57','0000-00-00 00:00:00'),(78,'oirfpiajesf\\',123,'ic','2017-11-19 15:43:46','0000-00-00 00:00:00'),(79,'dfnv/lkdmf;lmdfb',47,'ic','2017-11-23 03:09:13','0000-00-00 00:00:00'),(80,'Hey. how is it?',128,'venky','2017-12-03 11:19:00','0000-00-00 00:00:00'),(81,'hi!',128,'nrperez','2017-12-08 14:36:32','0000-00-00 00:00:00'),(82,'ujbhjhdbv',122,'ic','2017-12-10 16:01:02','0000-00-00 00:00:00'),(83,'sducnisjdblcj',125,'ic','2017-12-10 16:13:04','0000-00-00 00:00:00'),(84,'zdbcjkhbkjhdv',132,'ic','2017-12-10 16:13:13','0000-00-00 00:00:00'),(85,'how nice, how does it look for you?',131,'nrperez','2017-12-12 02:02:41','0000-00-00 00:00:00'),(86,'bghgcnhm,',101,'ic','2017-12-16 19:51:44','0000-00-00 00:00:00'),(87,'hey nico',136,'ic','2017-12-18 00:48:18','0000-00-00 00:00:00'),(88,'dkcjnkdjncsd',81,'ic','2017-12-18 00:48:29','0000-00-00 00:00:00'),(89,'demo demo demo',133,'ic','2017-12-18 00:55:00','0000-00-00 00:00:00'),(90,'It seems perfect :)',131,'venky','2017-12-19 17:37:58','0000-00-00 00:00:00'),(91,'how is it now? checking for time values...',131,'venky','2017-12-19 17:41:51','0000-00-00 00:00:00'),(92,'seems interesting.. :)',131,'venky','2017-12-24 13:23:08','0000-00-00 00:00:00'),(93,'how was it @nrperez?',131,'venky','2017-12-24 13:31:07','0000-00-00 00:00:00'),(94,'comment testing... from venky',131,'venky','2017-12-24 13:37:02','0000-00-00 00:00:00'),(95,'hihihihi',131,'venky','2017-12-24 13:41:56','0000-00-00 00:00:00'),(96,'comment testing?',131,'venky','2017-12-24 13:54:13','0000-00-00 00:00:00'),(97,'How stupid is this? ',127,'venky','2018-01-09 20:43:00','2018-01-09 20:43:00'),(98,'please reply?',83,'venky','2018-01-09 20:53:52','2018-01-09 20:53:52'),(99,'so what do u wanna prove with this ?',5,'mark','2018-01-11 20:36:35','2018-01-11 20:36:35'),(100,'yes really it is ',132,'mark','2018-01-11 20:37:09','2018-01-11 20:37:09'),(101,'wassup?',132,'venky','2018-01-12 16:03:55','2018-01-12 16:03:55'),(102,'check for user card',132,'venky','2018-01-12 16:27:34','2018-01-12 16:27:34'),(103,'check',128,'venky','2018-01-12 16:28:35','2018-01-12 16:28:35'),(104,'Haha. no response yet :P',127,'venky','2018-01-12 16:29:34','2018-01-12 16:29:34'),(105,'how is it? usercard loading or not?',37,'venky','2018-01-13 05:47:16','2018-01-13 05:47:16'),(106,'gain idea',21,'venky','2018-01-13 06:40:59','2018-01-13 06:40:59'),(107,'link here',15,'venky','2018-01-13 06:41:19','2018-01-13 06:41:19'),(108,'haha link please',15,'venky','2018-01-13 06:41:56','2018-01-13 06:41:56'),(109,'no yet provided?',15,'venky','2018-01-13 06:42:24','2018-01-13 06:42:24'),(110,'no help needed',15,'venky','2018-01-13 06:42:57','2018-01-13 06:42:57'),(111,'what is this about?',15,'venky','2018-01-13 06:43:38','2018-01-13 06:43:38'),(112,'hey',37,'venky','2018-01-13 06:51:33','2018-01-13 06:51:33'),(113,'heyyy',37,'venky','2018-01-13 06:52:48','2018-01-13 06:52:48'),(114,'what is the issue ?',138,'venky','2018-01-13 16:30:25','2018-01-13 16:30:25'),(115,'hey',15,'venky','2018-01-21 07:05:58','2018-01-21 07:05:58'),(116,'I cannt upload images. How do you do it?',169,'ic','2018-02-21 14:56:46','2018-02-21 14:56:46');
/*!40000 ALTER TABLE `comments` ENABLE KEYS */;
UNLOCK TABLES;

--
-- Table structure for table `exceptions`
--

DROP TABLE IF EXISTS `exceptions`;
/*!40101 SET @saved_cs_client     = @@character_set_client */;
/*!40101 SET character_set_client = utf8 */;
CREATE TABLE `exceptions` (
  `xcpt_id` int(11) NOT NULL AUTO_INCREMENT,
  `xcpt_cd` char(5) NOT NULL,
  `xcpt_desc` varchar(300) NOT NULL,
  `created_ts` timestamp NOT NULL DEFAULT CURRENT_TIMESTAMP,
  `last_updt_ts` timestamp NOT NULL DEFAULT CURRENT_TIMESTAMP ON UPDATE CURRENT_TIMESTAMP,
  PRIMARY KEY (`xcpt_id`),
  UNIQUE KEY `xcpt_id_UNIQUE` (`xcpt_id`),
  UNIQUE KEY `xcpt_cd_UNIQUE` (`xcpt_cd`),
  UNIQUE KEY `xcpt_desc_UNIQUE` (`xcpt_desc`)
) ENGINE=InnoDB AUTO_INCREMENT=13 DEFAULT CHARSET=latin1;
/*!40101 SET character_set_client = @saved_cs_client */;

--
-- Dumping data for table `exceptions`
--

LOCK TABLES `exceptions` WRITE;
/*!40000 ALTER TABLE `exceptions` DISABLE KEYS */;
INSERT INTO `exceptions` VALUES (1,'00000','Succesfull','2017-12-24 04:42:02','2017-12-24 04:42:02'),(2,'00001','Process completed with some warnings','2017-12-24 04:42:02','2017-12-24 04:42:02'),(3,'00002','Userid already exists','2017-12-24 04:43:56','2017-12-24 04:43:56'),(4,'00003','Passwords do not match','2017-12-24 04:43:56','2017-12-24 04:43:56'),(5,'00004','Invalid password','2017-12-24 04:43:56','2017-12-24 04:43:56'),(6,'00005','Internal server error','2017-12-24 04:43:56','2017-12-24 04:43:56'),(7,'00006','Something went wrong. Please try again','2017-12-24 04:43:56','2017-12-24 04:43:56'),(8,'00007','Invalid request','2017-12-24 05:25:16','2017-12-24 05:25:16'),(9,'00008','Account already deactivated','2017-12-24 05:26:33','2017-12-24 05:26:33'),(10,'00009','All fields are mandatory','2017-12-24 06:12:29','2017-12-24 06:12:29'),(11,'00010','Post already bookmarked','2018-01-02 18:40:46','2018-01-02 18:40:46'),(12,'00011','Post already removed from bookmarks','2018-01-02 18:47:58','2018-01-02 18:47:58');
/*!40000 ALTER TABLE `exceptions` ENABLE KEYS */;
UNLOCK TABLES;

--
-- Table structure for table `followers`
--

DROP TABLE IF EXISTS `followers`;
/*!40101 SET @saved_cs_client     = @@character_set_client */;
/*!40101 SET character_set_client = utf8 */;
CREATE TABLE `followers` (
  `follow_id` int(11) NOT NULL AUTO_INCREMENT,
  `user_id` varchar(50) NOT NULL,
  `following_user_id` varchar(50) NOT NULL,
  `created_ts` timestamp NOT NULL DEFAULT CURRENT_TIMESTAMP ON UPDATE CURRENT_TIMESTAMP,
  `last_updt_ts` timestamp NOT NULL DEFAULT CURRENT_TIMESTAMP ON UPDATE CURRENT_TIMESTAMP,
  PRIMARY KEY (`follow_id`),
  UNIQUE KEY `uidx_followers` (`user_id`,`following_user_id`),
  KEY `fluser_fk_follower` (`following_user_id`),
  CONSTRAINT `fluser_fk_follower` FOREIGN KEY (`following_user_id`) REFERENCES `users` (`user_id`) ON UPDATE CASCADE,
  CONSTRAINT `user_fk_follower` FOREIGN KEY (`user_id`) REFERENCES `users` (`user_id`) ON UPDATE CASCADE
) ENGINE=InnoDB AUTO_INCREMENT=33 DEFAULT CHARSET=latin1;
/*!40101 SET character_set_client = @saved_cs_client */;

--
-- Dumping data for table `followers`
--

LOCK TABLES `followers` WRITE;
/*!40000 ALTER TABLE `followers` DISABLE KEYS */;
INSERT INTO `followers` VALUES (3,'venky','ic','2017-08-21 18:51:24','0000-00-00 00:00:00'),(5,'venky','N','2017-08-22 18:14:37','0000-00-00 00:00:00'),(6,'venky','Science','2017-08-22 18:14:41','0000-00-00 00:00:00'),(7,'Nash','N','2017-08-24 23:47:15','0000-00-00 00:00:00'),(8,'Nash','nrperez','2017-08-24 23:47:16','0000-00-00 00:00:00'),(9,'Nash','ic','2017-08-24 23:47:16','0000-00-00 00:00:00'),(10,'Nash','venky','2017-08-24 23:47:17','0000-00-00 00:00:00'),(11,'satish.biv','venky','2017-09-04 06:33:33','0000-00-00 00:00:00'),(22,'ic','venky','2017-12-18 00:51:43','0000-00-00 00:00:00'),(23,'ic','nrperez','2017-12-18 00:56:23','0000-00-00 00:00:00'),(24,'ic','Nash','2017-12-19 19:14:40','0000-00-00 00:00:00'),(30,'venky','spiderX','2018-01-12 16:05:34','2018-01-12 16:05:34'),(32,'venky','nrperez','2018-01-21 12:26:05','2018-01-21 12:26:05');
/*!40000 ALTER TABLE `followers` ENABLE KEYS */;
UNLOCK TABLES;

--
-- Table structure for table `messages`
--

DROP TABLE IF EXISTS `messages`;
/*!40101 SET @saved_cs_client     = @@character_set_client */;
/*!40101 SET character_set_client = utf8 */;
CREATE TABLE `messages` (
  `msg_id` int(11) NOT NULL AUTO_INCREMENT,
  `sender_id` varchar(50) NOT NULL,
  `recipient_id` varchar(50) NOT NULL,
  `msg_text` varchar(50000) NOT NULL,
  `view_ind` char(1) DEFAULT 'N',
  `last_updt_ts` timestamp NOT NULL DEFAULT CURRENT_TIMESTAMP ON UPDATE CURRENT_TIMESTAMP,
  `created_ts` timestamp NOT NULL DEFAULT CURRENT_TIMESTAMP,
  PRIMARY KEY (`msg_id`),
  KEY `sender_id` (`sender_id`),
  KEY `fk_recipient` (`recipient_id`),
  CONSTRAINT `fk_recipient` FOREIGN KEY (`recipient_id`) REFERENCES `users` (`user_id`) ON UPDATE CASCADE,
  CONSTRAINT `fk_sender` FOREIGN KEY (`sender_id`) REFERENCES `users` (`user_id`) ON UPDATE CASCADE
) ENGINE=InnoDB AUTO_INCREMENT=37 DEFAULT CHARSET=latin1;
/*!40101 SET character_set_client = @saved_cs_client */;

--
-- Dumping data for table `messages`
--

LOCK TABLES `messages` WRITE;
/*!40000 ALTER TABLE `messages` DISABLE KEYS */;
INSERT INTO `messages` VALUES (1,'venky','ic','hey how are u','N','2017-12-03 13:31:40','2017-12-03 13:31:40'),(2,'venky','ic','what is happening?','N','2017-12-03 13:33:16','2017-12-03 13:33:16'),(3,'venky','Nash','Hey Nash. How are u?','N','2017-12-03 13:35:13','2017-12-03 13:35:13'),(4,'venky','sbhatt11','Hey Sayak? Wassup?','N','2017-12-03 13:35:49','2017-12-03 13:35:49'),(5,'venky','Cha0s','Hi Ariji','N','2017-12-03 15:31:57','2017-12-03 15:31:57'),(6,'venky','Cha0s','how are u','N','2017-12-03 15:32:07','2017-12-03 15:32:07'),(7,'venky','Cha0s','reply something man','N','2017-12-07 19:05:33','2017-12-07 19:05:33'),(8,'venky','Shovna92','Hi akka. wassup? :)','N','2017-12-07 19:06:14','2017-12-07 19:06:14'),(9,'venky','nrperez','Yo dude.','N','2017-12-07 19:06:51','2017-12-07 19:06:51'),(10,'nrperez','venky','Hey!','N','2017-12-08 14:39:18','2017-12-08 14:39:18'),(11,'nrperez','venky','Do you see my messages?','N','2017-12-08 14:39:26','2017-12-08 14:39:26'),(12,'nrperez','Nash','Hey!','N','2017-12-08 14:48:16','2017-12-08 14:48:16'),(13,'venky','nrperez','Hello','N','2017-12-08 16:33:17','2017-12-08 16:33:17'),(14,'Nash','venky','So sad - so lonely. Until I met you...','N','2017-12-08 19:16:38','2017-12-08 19:16:38'),(15,'Nash','nrperez','Bah!','N','2017-12-08 19:16:48','2017-12-08 19:16:48'),(16,'Nash','ic','Wake Up!','N','2017-12-08 19:17:12','2017-12-08 19:17:12'),(17,'venky','nrperez','Yes. I got ur messages. Just go to mailbox icon in the header to view the messages','N','2017-12-09 03:32:56','2017-12-09 03:32:56'),(18,'venky','Nash','Haha. Seriously!! :P','N','2017-12-09 03:33:17','2017-12-09 03:33:17'),(19,'ic','venky','inijnkj','N','2017-12-10 15:54:53','2017-12-10 15:54:53'),(20,'nrperez','Nash','bah bah!','N','2017-12-10 23:06:41','2017-12-10 23:06:41'),(21,'nrperez','Nash','bah?','N','2017-12-12 02:03:36','2017-12-12 02:03:36'),(22,'nrperez','Nash','bah... bah?','N','2017-12-16 21:38:37','2017-12-16 21:38:37'),(23,'ic','venky','Hey Venky this is test msg','N','2017-12-18 01:00:12','2017-12-18 01:00:12'),(24,'ic','Nash','whatsup bro!','N','2017-12-18 01:00:31','2017-12-18 01:00:31'),(25,'ic','NicoPerez','yo bro!','N','2017-12-18 01:00:45','2017-12-18 01:00:45'),(26,'ic','nrperez','yo bro','N','2017-12-18 01:00:57','2017-12-18 01:00:57'),(27,'ic','ic','yo bro!','N','2017-12-18 01:06:11','2017-12-18 01:06:11'),(28,'venky','nrperez','helllo','N','2018-01-13 05:52:48','2018-01-13 05:52:48'),(29,'venky','satish.biv','Hi Satish. Good afternoon. :)','N','2018-01-23 07:22:08','2018-01-23 07:22:08'),(30,'john12345','ic','hello ikbal','N','2018-02-11 16:08:23','2018-02-11 16:08:23'),(31,'bala','ic','Hey Iqbal. Wassup','N','2018-02-12 18:47:13','2018-02-12 18:47:13'),(32,'shobujan92','Shovna92','Hi AKka :)','N','2018-02-17 06:37:58','2018-02-17 06:37:58'),(33,'shobujan92','Shovna92','solu','N','2018-02-17 06:38:20','2018-02-17 06:38:20'),(34,'shobujan92','Shovna92','yeeanaa','N','2018-02-17 06:38:26','2018-02-17 06:38:26'),(35,'shobujan92','Shovna92','hiiiii','N','2018-02-17 06:38:32','2018-02-17 06:38:32'),(36,'shobujan92','Shovna92','hello','N','2018-02-17 06:38:38','2018-02-17 06:38:38');
/*!40000 ALTER TABLE `messages` ENABLE KEYS */;
UNLOCK TABLES;

--
-- Table structure for table `notifications`
--

DROP TABLE IF EXISTS `notifications`;
/*!40101 SET @saved_cs_client     = @@character_set_client */;
/*!40101 SET character_set_client = utf8 */;
CREATE TABLE `notifications` (
  `notify_id` int(11) NOT NULL AUTO_INCREMENT,
  `notify_confg` varchar(5000) NOT NULL,
  `user_id` varchar(50) NOT NULL,
  `view_ts` timestamp NOT NULL DEFAULT CURRENT_TIMESTAMP,
  `created_ts` timestamp NOT NULL DEFAULT CURRENT_TIMESTAMP,
  `view_flag` char(1) DEFAULT 'N',
  `last_updt_ts` timestamp NOT NULL DEFAULT CURRENT_TIMESTAMP ON UPDATE CURRENT_TIMESTAMP,
  PRIMARY KEY (`notify_id`),
  KEY `fk_user` (`user_id`),
  CONSTRAINT `fk_user` FOREIGN KEY (`user_id`) REFERENCES `users` (`user_id`) ON UPDATE CASCADE
) ENGINE=InnoDB AUTO_INCREMENT=273 DEFAULT CHARSET=latin1;
/*!40101 SET character_set_client = @saved_cs_client */;

--
-- Dumping data for table `notifications`
--

LOCK TABLES `notifications` WRITE;
/*!40000 ALTER TABLE `notifications` DISABLE KEYS */;
INSERT INTO `notifications` VALUES (1,'{\"post_type\":\"C\",\"user_id\":\"venky\",\"ans_config\":{\"ans_id\":\"56\",\"ans_posted_by\":\"Nash\"},\"qstn_config\":{\"qstn_id\":\"27\",\"qstn_posted_by\":\"ic\"}}','Nash','2017-10-09 18:46:45','2017-10-09 18:46:45','N','2018-01-23 07:08:40'),(2,'{\"post_type\":\"C\",\"user_id\":\"venky\",\"ans_config\":{\"ans_id\":\"56\",\"ans_posted_by\":\"Nash\"},\"qstn_config\":{\"qstn_id\":\"27\",\"qstn_posted_by\":\"ic\"}}','ic','2017-10-09 18:46:45','2017-10-09 18:46:45','Y','2018-01-23 07:08:39'),(3,'{\"post_type\":\"A\",\"user_id\":\"venky\",\"ans_config\":{\"ans_posted_by\":\"venky\"},\"qstn_config\":{\"qstn_id\":\"27\",\"qstn_posted_by\":\"ic\"}}','ic','2017-10-09 18:49:29','2017-10-09 18:49:29','Y','2018-01-23 07:08:39'),(4,'{\"post_type\":\"A\",\"user_id\":\"venky\",\"ans_config\":{\"ans_posted_by\":\"venky\"},\"qstn_config\":{\"qstn_id\":\"27\",\"qstn_posted_by\":\"ic\"}}','N','2017-10-09 18:49:29','2017-10-09 18:49:29','N','2018-01-23 07:08:40'),(5,'{\"post_type\":\"A\",\"user_id\":\"venky\",\"ans_config\":{\"ans_posted_by\":\"venky\"},\"qstn_config\":{\"qstn_id\":\"27\",\"qstn_posted_by\":\"ic\"}}','nrperez','2017-12-08 14:46:42','2017-10-09 18:49:29','Y','2018-01-23 07:08:39'),(6,'{\"post_type\":\"A\",\"user_id\":\"venky\",\"ans_config\":{\"ans_posted_by\":\"venky\"},\"qstn_config\":{\"qstn_id\":\"27\",\"qstn_posted_by\":\"ic\"}}','Nash','2017-10-09 18:49:29','2017-10-09 18:49:29','N','2018-01-23 07:08:40'),(7,'{\"post_type\":\"A\",\"user_id\":\"venky\",\"ans_config\":{\"ans_posted_by\":\"venky\"},\"qstn_config\":{\"qstn_id\":\"26\",\"qstn_posted_by\":\"nrperez\"}}','nrperez','2017-12-08 14:46:42','2017-10-09 18:50:39','Y','2018-01-23 07:08:39'),(8,'{\"post_type\":\"A\",\"user_id\":\"venky\",\"ans_config\":{\"ans_posted_by\":\"venky\"},\"qstn_config\":{\"qstn_id\":\"26\",\"qstn_posted_by\":\"nrperez\"}}','ic','2017-10-09 18:50:39','2017-10-09 18:50:39','Y','2018-01-23 07:08:39'),(9,'{\"post_type\":\"C\",\"user_id\":\"venky\",\"ans_config\":{\"ans_id\":\"48\",\"ans_posted_by\":\"ic\"},\"qstn_config\":{\"qstn_id\":\"26\",\"qstn_posted_by\":\"nrperez\"}}','ic','2017-10-10 13:27:02','2017-10-10 13:27:02','Y','2018-01-23 07:08:39'),(10,'{\"post_type\":\"C\",\"user_id\":\"venky\",\"ans_config\":{\"ans_id\":\"48\",\"ans_posted_by\":\"ic\"},\"qstn_config\":{\"qstn_id\":\"26\",\"qstn_posted_by\":\"nrperez\"}}','nrperez','2017-12-08 14:46:42','2017-10-10 13:27:02','Y','2018-01-23 07:08:39'),(11,'{\"post_type\":\"C\",\"user_id\":\"venky\",\"ans_config\":{\"ans_id\":\"37\",\"ans_posted_by\":\"ic\"},\"qstn_config\":{\"qstn_id\":\"26\",\"qstn_posted_by\":\"nrperez\"}}','ic','2017-10-10 13:29:29','2017-10-10 13:29:29','Y','2018-01-23 07:08:39'),(12,'{\"post_type\":\"C\",\"user_id\":\"venky\",\"ans_config\":{\"ans_id\":\"37\",\"ans_posted_by\":\"ic\"},\"qstn_config\":{\"qstn_id\":\"26\",\"qstn_posted_by\":\"nrperez\"}}','nrperez','2017-12-08 14:46:42','2017-10-10 13:29:29','Y','2018-01-23 07:08:39'),(13,'{\"post_type\":\"C\",\"user_id\":\"venky\",\"ans_config\":{\"ans_id\":\"110\",\"ans_posted_by\":\"venky\"},\"qstn_config\":{\"qstn_id\":\"26\",\"qstn_posted_by\":\"nrperez\"}}','nrperez','2017-12-08 14:46:42','2017-10-11 14:49:31','Y','2018-01-23 07:08:39'),(14,'{\"post_type\":\"C\",\"user_id\":\"venky\",\"ans_config\":{\"ans_id\":\"67\",\"ans_posted_by\":\"nrperez\"},\"qstn_config\":{\"qstn_id\":\"26\",\"qstn_posted_by\":\"nrperez\"}}','nrperez','2017-12-08 14:46:42','2017-10-12 14:20:04','Y','2018-01-23 07:08:39'),(15,'{\"post_type\":\"A\",\"user_id\":\"venky\",\"ans_config\":{\"ans_posted_by\":\"venky\"},\"qstn_config\":{\"qstn_id\":\"9\",\"qstn_posted_by\":\"Nash\"}}','Nash','2017-10-12 14:20:24','2017-10-12 14:20:24','N','2018-01-23 07:08:40'),(16,'{\"post_type\":\"C\",\"user_id\":\"venky\",\"ans_config\":{\"ans_id\":\"108\",\"ans_posted_by\":\"Nash\"},\"qstn_config\":{\"qstn_id\":\"9\",\"qstn_posted_by\":\"Nash\"}}','Nash','2017-10-12 14:20:39','2017-10-12 14:20:39','N','2018-01-23 07:08:40'),(17,'{\"post_type\":\"C\",\"user_id\":\"venky\",\"ans_config\":{\"ans_id\":\"109\",\"ans_posted_by\":\"venky\"},\"qstn_config\":{\"qstn_id\":\"27\",\"qstn_posted_by\":\"ic\"}}','ic','2017-10-14 10:48:56','2017-10-14 10:48:56','Y','2018-01-23 07:08:39'),(18,'{\"post_type\":\"A\",\"user_id\":\"nrperez\",\"ans_config\":{\"ans_posted_by\":\"nrperez\"},\"qstn_config\":{\"qstn_id\":\"49\",\"qstn_posted_by\":\"Nash\"}}','Nash','2017-10-15 00:12:22','2017-10-15 00:12:22','N','2018-01-23 07:08:40'),(19,'{\"post_type\":\"A\",\"user_id\":\"nrperez\",\"ans_config\":{\"ans_posted_by\":\"nrperez\"},\"qstn_config\":{\"qstn_id\":\"31\",\"qstn_posted_by\":\"nrperez\"}}','ic','2017-10-15 00:14:00','2017-10-15 00:14:00','Y','2018-01-23 07:08:39'),(20,'{\"post_type\":\"A\",\"user_id\":\"nrperez\",\"ans_config\":{\"ans_posted_by\":\"nrperez\"},\"qstn_config\":{\"qstn_id\":\"26\",\"qstn_posted_by\":\"nrperez\"}}','ic','2017-10-15 14:58:40','2017-10-15 14:58:40','Y','2018-01-23 07:08:39'),(21,'{\"post_type\":\"A\",\"user_id\":\"nrperez\",\"ans_config\":{\"ans_posted_by\":\"nrperez\"},\"qstn_config\":{\"qstn_id\":\"26\",\"qstn_posted_by\":\"nrperez\"}}','venky','2017-10-15 14:58:40','2017-10-15 14:58:40','Y','2018-01-23 07:08:39'),(23,'{\"post_type\":\"A\",\"user_id\":\"nrperez\",\"ans_config\":{\"ans_posted_by\":\"nrperez\"},\"qstn_config\":{\"qstn_id\":\"27\",\"qstn_posted_by\":\"ic\"}}','ic','2017-10-15 14:59:04','2017-10-15 14:59:04','Y','2018-01-23 07:08:39'),(24,'{\"post_type\":\"A\",\"user_id\":\"nrperez\",\"ans_config\":{\"ans_posted_by\":\"nrperez\"},\"qstn_config\":{\"qstn_id\":\"27\",\"qstn_posted_by\":\"ic\"}}','N','2017-10-15 14:59:04','2017-10-15 14:59:04','N','2018-01-23 07:08:40'),(25,'{\"post_type\":\"A\",\"user_id\":\"nrperez\",\"ans_config\":{\"ans_posted_by\":\"nrperez\"},\"qstn_config\":{\"qstn_id\":\"27\",\"qstn_posted_by\":\"ic\"}}','Nash','2017-10-15 14:59:04','2017-10-15 14:59:04','N','2018-01-23 07:08:40'),(26,'{\"post_type\":\"A\",\"user_id\":\"nrperez\",\"ans_config\":{\"ans_posted_by\":\"nrperez\"},\"qstn_config\":{\"qstn_id\":\"27\",\"qstn_posted_by\":\"ic\"}}','venky','2017-10-15 14:59:04','2017-10-15 14:59:04','Y','2018-01-23 07:08:39'),(27,'{\"post_type\":\"C\",\"user_id\":\"ic\",\"ans_config\":{\"ans_id\":\"96\",\"ans_posted_by\":\"ic\"},\"qstn_config\":{\"qstn_id\":\"12\",\"qstn_posted_by\":\"Nash\"}}','Nash','2017-10-18 17:42:07','2017-10-18 17:42:07','N','2018-01-23 07:08:40'),(28,'{\"post_type\":\"A\",\"user_id\":\"ic\",\"ans_config\":{\"ans_posted_by\":\"ic\"},\"qstn_config\":{\"qstn_id\":\"50\",\"qstn_posted_by\":\"nrperez\"}}','nrperez','2017-12-08 14:46:42','2017-10-18 17:43:41','Y','2018-01-23 07:08:39'),(29,'{\"post_type\":\"C\",\"user_id\":\"ic\",\"ans_config\":{\"ans_id\":\"81\",\"ans_posted_by\":\"nrperez\"},\"qstn_config\":{\"qstn_id\":\"35\",\"qstn_posted_by\":\"ic\"}}','nrperez','2017-12-08 14:46:42','2017-10-18 17:47:40','Y','2018-01-23 07:08:39'),(30,'{\"post_type\":\"C\",\"user_id\":\"ic\",\"ans_config\":{\"ans_id\":\"115\",\"ans_posted_by\":\"nrperez\"},\"qstn_config\":{\"qstn_id\":\"27\",\"qstn_posted_by\":\"ic\"}}','nrperez','2017-12-08 14:46:42','2017-10-18 17:54:28','Y','2018-01-23 07:08:39'),(31,'{\"post_type\":\"A\",\"user_id\":\"ic\",\"ans_config\":{\"ans_posted_by\":\"ic\"},\"qstn_config\":{\"qstn_id\":\"27\",\"qstn_posted_by\":\"ic\"}}','N','2017-10-18 17:54:37','2017-10-18 17:54:37','N','2018-01-23 07:08:40'),(32,'{\"post_type\":\"A\",\"user_id\":\"ic\",\"ans_config\":{\"ans_posted_by\":\"ic\"},\"qstn_config\":{\"qstn_id\":\"27\",\"qstn_posted_by\":\"ic\"}}','nrperez','2017-12-08 14:46:42','2017-10-18 17:54:37','Y','2018-01-23 07:08:39'),(33,'{\"post_type\":\"A\",\"user_id\":\"ic\",\"ans_config\":{\"ans_posted_by\":\"ic\"},\"qstn_config\":{\"qstn_id\":\"27\",\"qstn_posted_by\":\"ic\"}}','Nash','2017-10-18 17:54:37','2017-10-18 17:54:37','N','2018-01-23 07:08:40'),(34,'{\"post_type\":\"A\",\"user_id\":\"ic\",\"ans_config\":{\"ans_posted_by\":\"ic\"},\"qstn_config\":{\"qstn_id\":\"27\",\"qstn_posted_by\":\"ic\"}}','venky','2017-10-18 17:54:37','2017-10-18 17:54:37','Y','2018-01-23 07:08:39'),(38,'{\"post_type\":\"C\",\"user_id\":\"venky\",\"ans_config\":{\"ans_id\":\"56\",\"ans_posted_by\":\"Nash\"},\"qstn_config\":{\"qstn_id\":\"27\",\"qstn_posted_by\":\"ic\"}}','Nash','2017-10-24 17:47:35','2017-10-24 17:47:35','N','2018-01-23 07:08:40'),(39,'{\"post_type\":\"C\",\"user_id\":\"venky\",\"ans_config\":{\"ans_id\":\"56\",\"ans_posted_by\":\"Nash\"},\"qstn_config\":{\"qstn_id\":\"27\",\"qstn_posted_by\":\"ic\"}}','ic','2017-10-24 17:47:35','2017-10-24 17:47:35','Y','2018-01-23 07:08:39'),(40,'{\"post_type\":\"C\",\"user_id\":\"venky\",\"ans_config\":{\"ans_id\":\"22\",\"ans_posted_by\":\"nrperez\"},\"qstn_config\":{\"qstn_id\":\"22\",\"qstn_posted_by\":\"ic\"}}','nrperez','2017-12-08 14:46:42','2017-10-24 17:48:00','Y','2018-01-23 07:08:39'),(41,'{\"post_type\":\"C\",\"user_id\":\"venky\",\"ans_config\":{\"ans_id\":\"22\",\"ans_posted_by\":\"nrperez\"},\"qstn_config\":{\"qstn_id\":\"22\",\"qstn_posted_by\":\"ic\"}}','ic','2017-10-24 17:48:00','2017-10-24 17:48:00','Y','2018-01-23 07:08:39'),(42,'{\"post_type\":\"A\",\"user_id\":\"venky\",\"ans_config\":{\"ans_posted_by\":\"venky\"},\"qstn_config\":{\"qstn_id\":\"27\",\"qstn_posted_by\":\"ic\"}}','ic','2017-10-24 17:49:06','2017-10-24 17:49:06','Y','2018-01-23 07:08:39'),(43,'{\"post_type\":\"A\",\"user_id\":\"venky\",\"ans_config\":{\"ans_posted_by\":\"venky\"},\"qstn_config\":{\"qstn_id\":\"27\",\"qstn_posted_by\":\"ic\"}}','N','2017-10-24 17:49:06','2017-10-24 17:49:06','N','2018-01-23 07:08:40'),(44,'{\"post_type\":\"A\",\"user_id\":\"venky\",\"ans_config\":{\"ans_posted_by\":\"venky\"},\"qstn_config\":{\"qstn_id\":\"27\",\"qstn_posted_by\":\"ic\"}}','nrperez','2017-12-08 14:46:42','2017-10-24 17:49:06','Y','2018-01-23 07:08:39'),(45,'{\"post_type\":\"A\",\"user_id\":\"venky\",\"ans_config\":{\"ans_posted_by\":\"venky\"},\"qstn_config\":{\"qstn_id\":\"27\",\"qstn_posted_by\":\"ic\"}}','Nash','2017-10-24 17:49:06','2017-10-24 17:49:06','N','2018-01-23 07:08:40'),(46,'{\"post_type\":\"C\",\"user_id\":\"venky\",\"ans_config\":{\"ans_id\":\"118\",\"ans_posted_by\":\"ic\"},\"qstn_config\":{\"qstn_id\":\"27\",\"qstn_posted_by\":\"ic\"}}','ic','2017-10-24 17:49:20','2017-10-24 17:49:20','Y','2018-01-23 07:08:39'),(47,'{\"post_type\":\"A\",\"user_id\":\"venky\",\"ans_config\":{\"ans_posted_by\":\"venky\"},\"qstn_config\":{\"qstn_id\":\"27\",\"qstn_posted_by\":\"ic\"}}','ic','2017-10-24 17:49:51','2017-10-24 17:49:51','Y','2018-01-23 07:08:39'),(48,'{\"post_type\":\"A\",\"user_id\":\"venky\",\"ans_config\":{\"ans_posted_by\":\"venky\"},\"qstn_config\":{\"qstn_id\":\"27\",\"qstn_posted_by\":\"ic\"}}','N','2017-10-24 17:49:51','2017-10-24 17:49:51','N','2018-01-23 07:08:40'),(49,'{\"post_type\":\"A\",\"user_id\":\"venky\",\"ans_config\":{\"ans_posted_by\":\"venky\"},\"qstn_config\":{\"qstn_id\":\"27\",\"qstn_posted_by\":\"ic\"}}','nrperez','2017-12-08 14:46:42','2017-10-24 17:49:51','Y','2018-01-23 07:08:39'),(50,'{\"post_type\":\"A\",\"user_id\":\"venky\",\"ans_config\":{\"ans_posted_by\":\"venky\"},\"qstn_config\":{\"qstn_id\":\"27\",\"qstn_posted_by\":\"ic\"}}','Nash','2017-10-24 17:49:51','2017-10-24 17:49:51','N','2018-01-23 07:08:40'),(51,'{\"post_type\":\"C\",\"user_id\":\"venky\",\"ans_config\":{\"ans_id\":\"114\",\"ans_posted_by\":\"nrperez\"},\"qstn_config\":{\"qstn_id\":\"26\",\"qstn_posted_by\":\"nrperez\"}}','nrperez','2017-12-08 14:46:42','2017-10-28 06:39:32','Y','2018-01-23 07:08:39'),(52,'{\"post_type\":\"A\",\"user_id\":\"venky\",\"ans_config\":{\"ans_posted_by\":\"venky\"},\"qstn_config\":{\"qstn_id\":\"40\",\"qstn_posted_by\":\"venky\"}}','nrperez','2017-12-08 14:46:42','2017-10-28 06:40:07','Y','2018-01-23 07:08:39'),(53,'{\"post_type\":\"C\",\"user_id\":\"ic\",\"ans_config\":{\"ans_id\":\"73\",\"ans_posted_by\":\"nrperez\"},\"qstn_config\":{\"qstn_id\":\"31\",\"qstn_posted_by\":\"nrperez\"}}','nrperez','2017-12-08 14:46:42','2017-10-29 14:30:52','Y','2018-01-23 07:08:39'),(54,'{\"post_type\":\"C\",\"user_id\":\"ic\",\"ans_config\":{\"ans_id\":\"73\",\"ans_posted_by\":\"nrperez\"},\"qstn_config\":{\"qstn_id\":\"31\",\"qstn_posted_by\":\"nrperez\"}}','venky','2018-01-23 06:51:39','2017-10-29 14:30:52','Y','2018-01-23 06:51:39'),(55,'{\"post_type\":\"C\",\"user_id\":\"ic\",\"ans_config\":{\"ans_id\":\"90\",\"ans_posted_by\":\"ic\"},\"qstn_config\":{\"qstn_id\":\"31\",\"qstn_posted_by\":\"nrperez\"}}','nrperez','2017-12-08 14:46:42','2017-10-29 14:31:00','Y','2018-01-23 07:08:39'),(56,'{\"post_type\":\"C\",\"user_id\":\"ic\",\"ans_config\":{\"ans_id\":\"116\",\"ans_posted_by\":\"ic\"},\"qstn_config\":{\"qstn_id\":\"50\",\"qstn_posted_by\":\"nrperez\"}}','nrperez','2017-12-08 14:46:42','2017-10-29 14:32:45','Y','2018-01-23 07:08:39'),(57,'{\"post_type\":\"C\",\"user_id\":\"ic\",\"ans_config\":{\"ans_id\":\"73\",\"ans_posted_by\":\"nrperez\"},\"qstn_config\":{\"qstn_id\":\"31\",\"qstn_posted_by\":\"nrperez\"}}','nrperez','2017-12-08 14:46:42','2017-10-29 14:37:04','Y','2018-01-23 07:08:39'),(58,'{\"post_type\":\"C\",\"user_id\":\"ic\",\"ans_config\":{\"ans_id\":\"73\",\"ans_posted_by\":\"nrperez\"},\"qstn_config\":{\"qstn_id\":\"31\",\"qstn_posted_by\":\"nrperez\"}}','venky','2017-10-29 14:37:04','2017-10-29 14:37:04','Y','2018-01-23 07:08:39'),(59,'{\"post_type\":\"A\",\"user_id\":\"ic\",\"ans_config\":{\"ans_posted_by\":\"ic\"},\"qstn_config\":{\"qstn_id\":\"46\",\"qstn_posted_by\":\"nrperez\"}}','nrperez','2017-12-08 14:46:42','2017-10-29 15:34:03','Y','2018-01-23 07:08:39'),(60,'{\"post_type\":\"C\",\"user_id\":\"ic\",\"ans_config\":{\"ans_id\":\"96\",\"ans_posted_by\":\"ic\"},\"qstn_config\":{\"qstn_id\":\"12\",\"qstn_posted_by\":\"Nash\"}}','Nash','2017-11-01 23:27:37','2017-11-01 23:27:37','N','2018-01-23 07:08:40'),(61,'{\"post_type\":\"C\",\"user_id\":\"ic\",\"ans_config\":{\"ans_id\":\"53\",\"ans_posted_by\":\"Nash\"},\"qstn_config\":{\"qstn_id\":\"12\",\"qstn_posted_by\":\"Nash\"}}','Nash','2017-12-21 18:28:03','2017-11-01 23:28:15','Y','2018-01-23 07:08:39'),(62,'{\"post_type\":\"C\",\"user_id\":\"ic\",\"ans_config\":{\"ans_id\":\"97\",\"ans_posted_by\":\"ic\"},\"qstn_config\":{\"qstn_id\":\"8\",\"qstn_posted_by\":\"N\"}}','N','2017-11-01 23:28:42','2017-11-01 23:28:42','N','2018-01-23 07:08:40'),(63,'{\"post_type\":\"C\",\"user_id\":\"venky\",\"ans_config\":{\"ans_id\":\"94\",\"ans_posted_by\":\"Nash\"},\"qstn_config\":{\"qstn_id\":\"17\",\"qstn_posted_by\":\"nrperez\"}}','Nash','2017-12-21 18:28:08','2017-11-09 15:20:50','Y','2018-01-23 07:08:39'),(64,'{\"post_type\":\"C\",\"user_id\":\"venky\",\"ans_config\":{\"ans_id\":\"94\",\"ans_posted_by\":\"Nash\"},\"qstn_config\":{\"qstn_id\":\"17\",\"qstn_posted_by\":\"nrperez\"}}','nrperez','2017-12-08 14:46:42','2017-11-09 15:20:50','Y','2018-01-23 07:08:39'),(65,'{\"post_type\":\"C\",\"user_id\":\"venky\",\"ans_config\":{\"ans_id\":\"73\",\"ans_posted_by\":\"nrperez\"},\"qstn_config\":{\"qstn_id\":\"31\",\"qstn_posted_by\":\"nrperez\"}}','nrperez','2017-12-08 14:46:42','2017-11-09 15:22:57','Y','2018-01-23 07:08:39'),(66,'{\"post_type\":\"C\",\"user_id\":\"venky\",\"ans_config\":{\"ans_id\":\"73\",\"ans_posted_by\":\"nrperez\"},\"qstn_config\":{\"qstn_id\":\"31\",\"qstn_posted_by\":\"nrperez\"}}','ic','2017-11-19 15:47:07','2017-11-09 15:22:57','Y','2018-01-23 07:08:39'),(67,'{\"post_type\":\"A\",\"user_id\":\"venky\",\"ans_config\":{\"ans_posted_by\":\"venky\"},\"qstn_config\":{\"qstn_id\":\"31\",\"qstn_posted_by\":\"nrperez\"}}','nrperez','2017-12-08 14:46:42','2017-11-09 15:24:31','Y','2018-01-23 07:08:39'),(68,'{\"post_type\":\"A\",\"user_id\":\"venky\",\"ans_config\":{\"ans_posted_by\":\"venky\"},\"qstn_config\":{\"qstn_id\":\"31\",\"qstn_posted_by\":\"nrperez\"}}','ic','2017-11-19 15:43:36','2017-11-09 15:24:31','Y','2018-01-23 07:08:39'),(69,'{\"post_type\":\"C\",\"user_id\":\"ic\",\"ans_config\":{\"ans_id\":\"123\",\"ans_posted_by\":\"venky\"},\"qstn_config\":{\"qstn_id\":\"31\",\"qstn_posted_by\":\"nrperez\"}}','venky','2017-11-21 18:50:35','2017-11-19 15:43:46','Y','2018-01-23 07:08:39'),(70,'{\"post_type\":\"C\",\"user_id\":\"ic\",\"ans_config\":{\"ans_id\":\"123\",\"ans_posted_by\":\"venky\"},\"qstn_config\":{\"qstn_id\":\"31\",\"qstn_posted_by\":\"nrperez\"}}','nrperez','2017-12-08 14:46:42','2017-11-19 15:43:46','Y','2018-01-23 07:08:39'),(71,'{\"post_type\":\"A\",\"user_id\":\"ic\",\"ans_config\":{\"ans_posted_by\":\"ic\"},\"qstn_config\":{\"qstn_id\":\"31\",\"qstn_posted_by\":\"nrperez\"}}','nrperez','2017-12-08 14:46:42','2017-11-19 15:44:39','Y','2018-01-23 07:08:39'),(72,'{\"post_type\":\"A\",\"user_id\":\"ic\",\"ans_config\":{\"ans_posted_by\":\"ic\"},\"qstn_config\":{\"qstn_id\":\"31\",\"qstn_posted_by\":\"nrperez\"}}','venky','2017-11-21 18:49:54','2017-11-19 15:44:39','Y','2018-01-23 07:08:39'),(73,'{\"post_type\":\"A\",\"user_id\":\"ic\",\"ans_config\":{\"ans_posted_by\":\"ic\"},\"qstn_config\":{\"qstn_id\":\"31\",\"qstn_posted_by\":\"nrperez\"}}','nrperez','2017-12-08 14:46:42','2017-11-19 15:47:20','Y','2018-01-23 07:08:39'),(74,'{\"post_type\":\"A\",\"user_id\":\"ic\",\"ans_config\":{\"ans_posted_by\":\"ic\"},\"qstn_config\":{\"qstn_id\":\"31\",\"qstn_posted_by\":\"nrperez\"}}','venky','2017-11-21 18:50:26','2017-11-19 15:47:20','Y','2018-01-23 07:08:39'),(75,'{\"post_type\":\"A\",\"user_id\":\"ic\",\"ans_config\":{\"ans_posted_by\":\"ic\"},\"qstn_config\":{\"qstn_id\":\"31\",\"qstn_posted_by\":\"nrperez\"}}','nrperez','2017-12-08 14:46:42','2017-11-23 03:07:47','Y','2018-01-23 07:08:39'),(76,'{\"post_type\":\"A\",\"user_id\":\"ic\",\"ans_config\":{\"ans_posted_by\":\"ic\"},\"qstn_config\":{\"qstn_id\":\"31\",\"qstn_posted_by\":\"nrperez\"}}','venky','2017-12-03 13:35:53','2017-11-23 03:07:47','Y','2018-01-23 07:08:39'),(77,'{\"post_type\":\"C\",\"user_id\":\"ic\",\"ans_config\":{\"ans_id\":\"47\",\"ans_posted_by\":\"ic\"},\"qstn_config\":{\"qstn_id\":\"26\",\"qstn_posted_by\":\"nrperez\"}}','nrperez','2017-12-08 14:46:42','2017-11-23 03:09:13','Y','2018-01-23 07:08:39'),(78,'{\"post_type\":\"A\",\"user_id\":\"sbhatt11\",\"ans_config\":{\"ans_posted_by\":\"sbhatt11\"},\"qstn_config\":{\"qstn_id\":\"52\",\"qstn_posted_by\":\"ic\"}}','ic','2017-11-25 22:59:20','2017-11-25 22:59:20','N','2018-01-23 07:08:40'),(79,'{\"post_type\":\"A\",\"user_id\":\"sbhatt11\",\"ans_config\":{\"ans_posted_by\":\"sbhatt11\"},\"qstn_config\":{\"qstn_id\":\"50\",\"qstn_posted_by\":\"nrperez\"}}','nrperez','2017-12-08 14:46:42','2017-11-25 22:59:46','Y','2018-01-23 07:08:39'),(80,'{\"post_type\":\"A\",\"user_id\":\"sbhatt11\",\"ans_config\":{\"ans_posted_by\":\"sbhatt11\"},\"qstn_config\":{\"qstn_id\":\"50\",\"qstn_posted_by\":\"nrperez\"}}','ic','2017-11-25 22:59:46','2017-11-25 22:59:46','N','2018-01-23 07:08:40'),(81,'{\"post_type\":\"C\",\"user_id\":\"venky\",\"ans_config\":{\"ans_id\":\"128\",\"ans_posted_by\":\"sbhatt11\"},\"qstn_config\":{\"qstn_id\":\"52\",\"qstn_posted_by\":\"ic\"}}','sbhatt11','2017-12-03 11:19:00','2017-12-03 11:19:00','N','2018-01-23 07:08:40'),(82,'{\"post_type\":\"C\",\"user_id\":\"venky\",\"ans_config\":{\"ans_id\":\"128\",\"ans_posted_by\":\"sbhatt11\"},\"qstn_config\":{\"qstn_id\":\"52\",\"qstn_posted_by\":\"ic\"}}','ic','2017-12-03 11:19:00','2017-12-03 11:19:00','N','2018-01-23 07:08:40'),(83,'{\"post_type\":\"A\",\"user_id\":\"nrperez\",\"ans_config\":{\"ans_posted_by\":\"nrperez\"},\"qstn_config\":{\"qstn_id\":\"50\",\"qstn_posted_by\":\"nrperez\"}}','ic','2017-12-08 14:36:12','2017-12-08 14:36:12','N','2018-01-23 07:08:40'),(84,'{\"post_type\":\"A\",\"user_id\":\"nrperez\",\"ans_config\":{\"ans_posted_by\":\"nrperez\"},\"qstn_config\":{\"qstn_id\":\"50\",\"qstn_posted_by\":\"nrperez\"}}','sbhatt11','2017-12-08 14:36:12','2017-12-08 14:36:12','N','2018-01-23 07:08:40'),(86,'{\"post_type\":\"C\",\"user_id\":\"nrperez\",\"ans_config\":{\"ans_id\":\"128\",\"ans_posted_by\":\"sbhatt11\"},\"qstn_config\":{\"qstn_id\":\"52\",\"qstn_posted_by\":\"ic\"}}','sbhatt11','2017-12-08 14:36:32','2017-12-08 14:36:32','N','2018-01-23 07:08:40'),(87,'{\"post_type\":\"C\",\"user_id\":\"nrperez\",\"ans_config\":{\"ans_id\":\"128\",\"ans_posted_by\":\"sbhatt11\"},\"qstn_config\":{\"qstn_id\":\"52\",\"qstn_posted_by\":\"ic\"}}','ic','2017-12-08 14:36:32','2017-12-08 14:36:32','N','2018-01-23 07:08:40'),(88,'{\"post_type\":\"C\",\"user_id\":\"nrperez\",\"ans_config\":{\"ans_id\":\"128\",\"ans_posted_by\":\"sbhatt11\"},\"qstn_config\":{\"qstn_id\":\"52\",\"qstn_posted_by\":\"ic\"}}','venky','2017-12-09 03:31:11','2017-12-08 14:36:32','Y','2018-01-23 07:08:39'),(89,'{\"post_type\":\"A\",\"user_id\":\"venky\",\"ans_config\":{\"ans_posted_by\":\"venky\"},\"qstn_config\":{\"qstn_id\":\"26\",\"qstn_posted_by\":\"nrperez\"}}','nrperez','2017-12-12 02:02:15','2017-12-08 16:34:28','Y','2018-01-23 07:08:39'),(90,'{\"post_type\":\"A\",\"user_id\":\"venky\",\"ans_config\":{\"ans_posted_by\":\"venky\"},\"qstn_config\":{\"qstn_id\":\"26\",\"qstn_posted_by\":\"nrperez\"}}','ic','2017-12-08 16:34:28','2017-12-08 16:34:28','N','2018-01-23 07:08:40'),(91,'{\"post_type\":\"A\",\"user_id\":\"venky\",\"ans_config\":{\"ans_posted_by\":\"venky\"},\"qstn_config\":{\"qstn_id\":\"52\",\"qstn_posted_by\":\"ic\"}}','ic','2017-12-10 16:13:08','2017-12-09 03:31:35','Y','2018-01-23 07:08:39'),(92,'{\"post_type\":\"A\",\"user_id\":\"venky\",\"ans_config\":{\"ans_posted_by\":\"venky\"},\"qstn_config\":{\"qstn_id\":\"52\",\"qstn_posted_by\":\"ic\"}}','sbhatt11','2017-12-09 03:31:35','2017-12-09 03:31:35','N','2018-01-23 07:08:40'),(93,'{\"post_type\":\"C\",\"user_id\":\"ic\",\"ans_config\":{\"ans_id\":\"122\",\"ans_posted_by\":\"ic\"},\"qstn_config\":{\"qstn_id\":\"46\",\"qstn_posted_by\":\"nrperez\"}}','nrperez','2017-12-12 02:02:47','2017-12-10 16:01:02','Y','2018-01-23 07:08:39'),(94,'{\"post_type\":\"C\",\"user_id\":\"ic\",\"ans_config\":{\"ans_id\":\"125\",\"ans_posted_by\":\"ic\"},\"qstn_config\":{\"qstn_id\":\"31\",\"qstn_posted_by\":\"nrperez\"}}','nrperez','2017-12-12 02:03:00','2017-12-10 16:13:04','Y','2018-01-23 07:08:39'),(95,'{\"post_type\":\"C\",\"user_id\":\"ic\",\"ans_config\":{\"ans_id\":\"132\",\"ans_posted_by\":\"venky\"},\"qstn_config\":{\"qstn_id\":\"52\",\"qstn_posted_by\":\"ic\"}}','venky','2018-01-23 07:11:40','2017-12-10 16:13:13','Y','2018-01-23 07:11:40'),(96,'{\"post_type\":\"A\",\"user_id\":\"nrperez\",\"ans_config\":{\"ans_posted_by\":\"nrperez\"},\"qstn_config\":{\"qstn_id\":\"24\",\"qstn_posted_by\":\"venky\"}}','venky','2018-01-23 07:10:40','2017-12-10 23:07:13','Y','2018-01-23 07:10:40'),(97,'{\"post_type\":\"C\",\"user_id\":\"nrperez\",\"ans_config\":{\"ans_id\":\"131\",\"ans_posted_by\":\"venky\"},\"qstn_config\":{\"qstn_id\":\"26\",\"qstn_posted_by\":\"nrperez\"}}','venky','2018-01-23 07:10:47','2017-12-12 02:02:41','Y','2018-01-23 07:10:47'),(98,'{\"post_type\":\"A\",\"user_id\":\"nrperez\",\"ans_config\":{\"ans_posted_by\":\"nrperez\"},\"qstn_config\":{\"qstn_id\":\"46\",\"qstn_posted_by\":\"nrperez\"}}','ic','2017-12-16 20:06:51','2017-12-12 02:02:56','Y','2018-01-23 07:08:39'),(99,'{\"post_type\":\"A\",\"user_id\":\"nrperez\",\"ans_config\":{\"ans_posted_by\":\"nrperez\"},\"qstn_config\":{\"qstn_id\":\"31\",\"qstn_posted_by\":\"nrperez\"}}','ic','2017-12-18 00:53:02','2017-12-12 02:03:25','Y','2018-01-23 07:08:39'),(100,'{\"post_type\":\"A\",\"user_id\":\"nrperez\",\"ans_config\":{\"ans_posted_by\":\"nrperez\"},\"qstn_config\":{\"qstn_id\":\"31\",\"qstn_posted_by\":\"nrperez\"}}','venky','2018-01-23 07:11:31','2017-12-12 02:03:25','Y','2018-01-23 07:11:31'),(102,'{\"post_type\":\"C\",\"user_id\":\"ic\",\"ans_config\":{\"ans_id\":\"101\",\"ans_posted_by\":\"ic\"},\"qstn_config\":{\"qstn_id\":\"41\",\"qstn_posted_by\":\"venky\"}}','venky','2017-12-30 14:16:27','2017-12-16 19:51:44','Y','2017-12-30 14:16:27'),(103,'{\"post_type\":\"A\",\"user_id\":\"nrperez\",\"ans_config\":{\"ans_posted_by\":\"nrperez\"},\"qstn_config\":{\"qstn_id\":\"35\",\"qstn_posted_by\":\"ic\"}}','ic','2017-12-18 00:49:07','2017-12-16 21:39:59','Y','2018-01-23 07:08:39'),(104,'{\"post_type\":\"C\",\"user_id\":\"ic\",\"ans_config\":{\"ans_id\":\"136\",\"ans_posted_by\":\"nrperez\"},\"qstn_config\":{\"qstn_id\":\"35\",\"qstn_posted_by\":\"ic\"}}','nrperez','2017-12-18 00:48:18','2017-12-18 00:48:18','N','2018-01-23 07:08:40'),(105,'{\"post_type\":\"C\",\"user_id\":\"ic\",\"ans_config\":{\"ans_id\":\"81\",\"ans_posted_by\":\"nrperez\"},\"qstn_config\":{\"qstn_id\":\"35\",\"qstn_posted_by\":\"ic\"}}','nrperez','2017-12-18 00:48:29','2017-12-18 00:48:29','N','2018-01-23 07:08:40'),(106,'{\"post_type\":\"A\",\"user_id\":\"ic\",\"ans_config\":{\"ans_posted_by\":\"ic\"},\"qstn_config\":{\"qstn_id\":\"35\",\"qstn_posted_by\":\"ic\"}}','nrperez','2017-12-18 00:48:50','2017-12-18 00:48:50','N','2018-01-23 07:08:40'),(107,'{\"post_type\":\"C\",\"user_id\":\"ic\",\"ans_config\":{\"ans_id\":\"133\",\"ans_posted_by\":\"nrperez\"},\"qstn_config\":{\"qstn_id\":\"24\",\"qstn_posted_by\":\"venky\"}}','nrperez','2017-12-18 00:55:00','2017-12-18 00:55:00','N','2018-01-23 07:08:40'),(108,'{\"post_type\":\"C\",\"user_id\":\"ic\",\"ans_config\":{\"ans_id\":\"133\",\"ans_posted_by\":\"nrperez\"},\"qstn_config\":{\"qstn_id\":\"24\",\"qstn_posted_by\":\"venky\"}}','venky','2018-01-13 12:53:12','2017-12-18 00:55:00','Y','2018-01-13 12:53:12'),(109,'{\"post_type\":\"C\",\"user_id\":\"venky\",\"ans_config\":{\"ans_id\":\"131\",\"ans_posted_by\":\"venky\"},\"qstn_config\":{\"qstn_id\":\"26\",\"qstn_posted_by\":\"nrperez\"}}','nrperez','2017-12-19 17:37:58','2017-12-19 17:37:58','N','2018-01-23 07:08:40'),(110,'{\"post_type\":\"C\",\"user_id\":\"venky\",\"ans_config\":{\"ans_id\":\"131\",\"ans_posted_by\":\"venky\"},\"qstn_config\":{\"qstn_id\":\"26\",\"qstn_posted_by\":\"nrperez\"}}','nrperez','2017-12-19 17:41:51','2017-12-19 17:41:51','N','2018-01-23 07:08:40'),(111,'{\"post_type\":\"A\",\"user_id\":\"venky\",\"ans_config\":{\"ans_posted_by\":\"venky\"},\"qstn_config\":{\"qstn_id\":\"26\",\"qstn_posted_by\":\"nrperez\"}}','nrperez','2017-12-24 11:51:07','2017-12-24 11:51:07','N','2018-01-23 07:08:40'),(112,'{\"post_type\":\"A\",\"user_id\":\"venky\",\"ans_config\":{\"ans_posted_by\":\"venky\"},\"qstn_config\":{\"qstn_id\":\"26\",\"qstn_posted_by\":\"nrperez\"}}','ic','2017-12-24 11:51:07','2017-12-24 11:51:07','N','2018-01-23 07:08:40'),(113,'{\"post_type\":\"A\",\"user_id\":\"venky\",\"ans_config\":{\"ans_posted_by\":\"venky\"},\"qstn_config\":{\"qstn_id\":\"24\",\"qstn_posted_by\":\"venky\"}}','nrperez','2017-12-24 12:05:42','2017-12-24 12:05:42','N','2018-01-23 07:08:40'),(114,'{\"post_type\":\"C\",\"user_id\":\"venky\",\"ans_config\":{\"ans_id\":\"131\",\"ans_posted_by\":\"venky\"},\"qstn_config\":{\"qstn_id\":\"26\",\"qstn_posted_by\":\"nrperez\"}}','nrperez','2017-12-24 13:23:08','2017-12-24 13:23:08','N','2018-01-23 07:08:40'),(115,'{\"post_type\":\"C\",\"user_id\":\"venky\",\"ans_config\":{\"ans_id\":\"131\",\"ans_posted_by\":\"venky\"},\"qstn_config\":{\"qstn_id\":\"26\",\"qstn_posted_by\":\"nrperez\"}}','nrperez','2017-12-24 13:31:07','2017-12-24 13:31:07','N','2018-01-23 07:08:40'),(116,'{\"post_type\":\"C\",\"user_id\":\"venky\",\"ans_config\":{\"ans_id\":\"131\",\"ans_posted_by\":\"venky\"},\"qstn_config\":{\"qstn_id\":\"26\",\"qstn_posted_by\":\"nrperez\"}}','nrperez','2017-12-24 13:37:02','2017-12-24 13:37:02','N','2018-01-23 07:08:40'),(117,'{\"post_type\":\"C\",\"user_id\":\"venky\",\"ans_config\":{\"ans_id\":\"131\",\"ans_posted_by\":\"venky\"},\"qstn_config\":{\"qstn_id\":\"26\",\"qstn_posted_by\":\"nrperez\"}}','nrperez','2017-12-24 13:41:56','2017-12-24 13:41:56','N','2018-01-23 07:08:40'),(118,'{\"post_type\":\"C\",\"user_id\":\"venky\",\"ans_config\":{\"ans_id\":\"131\",\"ans_posted_by\":\"venky\"},\"qstn_config\":{\"qstn_id\":\"26\",\"qstn_posted_by\":\"nrperez\"}}','nrperez','2017-12-24 13:54:13','2017-12-24 13:54:13','N','2018-01-23 07:08:40'),(119,'{\"post_type\":\"A\",\"user_id\":\"user1\",\"ans_config\":{\"ans_posted_by\":\"user1\"},\"qstn_config\":{\"qstn_id\":\"46\",\"qstn_posted_by\":\"nrperez\"}}','nrperez','2018-01-03 19:07:33','2018-01-03 19:07:33','N','2018-01-23 07:08:40'),(120,'{\"post_type\":\"A\",\"user_id\":\"user1\",\"ans_config\":{\"ans_posted_by\":\"user1\"},\"qstn_config\":{\"qstn_id\":\"46\",\"qstn_posted_by\":\"nrperez\"}}','ic','2018-01-03 19:07:33','2018-01-03 19:07:33','N','2018-01-23 07:08:40'),(121,'{\"post_type\":\"C\",\"user_id\":\"venky\",\"ans_config\":{\"ans_id\":\"127\",\"ans_posted_by\":\"ic\"},\"qstn_config\":{\"qstn_id\":\"52\",\"qstn_posted_by\":\"ic\"}}','ic','2018-01-09 20:43:00','2018-01-09 20:43:00','N','2018-01-09 20:43:00'),(122,'{\"post_type\":\"C\",\"user_id\":\"venky\",\"ans_config\":{\"ans_id\":\"83\",\"ans_posted_by\":\"nrperez\"},\"qstn_config\":{\"qstn_id\":\"33\",\"qstn_posted_by\":\"venky\"}}','nrperez','2018-01-09 20:53:52','2018-01-09 20:53:52','N','2018-01-09 20:53:52'),(123,'{\"post_type\":\"C\",\"user_id\":\"mark\",\"ans_config\":{\"ans_id\":\"5\",\"ans_posted_by\":\"N\"},\"qstn_config\":{\"qstn_id\":\"1\",\"qstn_posted_by\":\"N\"}}','N','2018-01-11 20:36:35','2018-01-11 20:36:35','N','2018-01-11 20:36:35'),(124,'{\"post_type\":\"C\",\"user_id\":\"mark\",\"ans_config\":{\"ans_id\":\"132\",\"ans_posted_by\":\"venky\"},\"qstn_config\":{\"qstn_id\":\"52\",\"qstn_posted_by\":\"ic\"}}','venky','2018-01-23 07:09:54','2018-01-11 20:37:09','Y','2018-01-23 07:09:54'),(125,'{\"post_type\":\"C\",\"user_id\":\"mark\",\"ans_config\":{\"ans_id\":\"132\",\"ans_posted_by\":\"venky\"},\"qstn_config\":{\"qstn_id\":\"52\",\"qstn_posted_by\":\"ic\"}}','ic','2018-01-11 20:37:09','2018-01-11 20:37:09','N','2018-01-11 20:37:09'),(126,'{\"post_type\":\"A\",\"user_id\":\"spiderX\",\"ans_config\":{\"ans_posted_by\":\"spiderX\"},\"qstn_config\":{\"qstn_id\":\"52\",\"qstn_posted_by\":\"ic\"}}','ic','2018-01-11 20:39:30','2018-01-11 20:39:30','N','2018-01-11 20:39:30'),(127,'{\"post_type\":\"A\",\"user_id\":\"spiderX\",\"ans_config\":{\"ans_posted_by\":\"spiderX\"},\"qstn_config\":{\"qstn_id\":\"52\",\"qstn_posted_by\":\"ic\"}}','sbhatt11','2018-01-11 20:39:30','2018-01-11 20:39:30','N','2018-01-11 20:39:30'),(128,'{\"post_type\":\"A\",\"user_id\":\"spiderX\",\"ans_config\":{\"ans_posted_by\":\"spiderX\"},\"qstn_config\":{\"qstn_id\":\"52\",\"qstn_posted_by\":\"ic\"}}','venky','2018-01-12 16:09:17','2018-01-11 20:39:30','Y','2018-01-12 16:09:17'),(130,'{\"post_type\":\"C\",\"user_id\":\"venky\",\"ans_config\":{\"ans_id\":\"132\",\"ans_posted_by\":\"venky\"},\"qstn_config\":{\"qstn_id\":\"52\",\"qstn_posted_by\":\"ic\"}}','ic','2018-01-12 16:03:55','2018-01-12 16:03:55','N','2018-01-12 16:03:55'),(131,'{\"post_type\":\"C\",\"user_id\":\"venky\",\"ans_config\":{\"ans_id\":\"132\",\"ans_posted_by\":\"venky\"},\"qstn_config\":{\"qstn_id\":\"52\",\"qstn_posted_by\":\"ic\"}}','mark','2018-01-12 16:03:55','2018-01-12 16:03:55','N','2018-01-12 16:03:55'),(132,'{\"post_type\":\"A\",\"user_id\":\"venky\",\"ans_config\":{\"ans_posted_by\":\"venky\"},\"qstn_config\":{\"qstn_id\":\"52\",\"qstn_posted_by\":\"ic\"}}','ic','2018-01-12 16:09:55','2018-01-12 16:09:55','N','2018-01-23 07:08:40'),(133,'{\"post_type\":\"A\",\"user_id\":\"venky\",\"ans_config\":{\"ans_posted_by\":\"venky\"},\"qstn_config\":{\"qstn_id\":\"52\",\"qstn_posted_by\":\"ic\"}}','sbhatt11','2018-01-12 16:09:55','2018-01-12 16:09:55','N','2018-01-23 07:08:40'),(134,'{\"post_type\":\"A\",\"user_id\":\"venky\",\"ans_config\":{\"ans_posted_by\":\"venky\"},\"qstn_config\":{\"qstn_id\":\"52\",\"qstn_posted_by\":\"ic\"}}','spiderX','2018-01-12 16:09:55','2018-01-12 16:09:55','N','2018-01-23 07:08:40'),(136,'{\"post_type\":\"A\",\"user_id\":\"venky\",\"ans_config\":{\"ans_posted_by\":\"venky\"},\"qstn_config\":{\"qstn_id\":\"52\",\"qstn_posted_by\":\"ic\"}}','ic','2018-01-12 16:16:34','2018-01-12 16:16:34','N','2018-01-23 07:08:40'),(137,'{\"post_type\":\"A\",\"user_id\":\"venky\",\"ans_config\":{\"ans_posted_by\":\"venky\"},\"qstn_config\":{\"qstn_id\":\"52\",\"qstn_posted_by\":\"ic\"}}','sbhatt11','2018-01-12 16:16:34','2018-01-12 16:16:34','N','2018-01-23 07:08:40'),(138,'{\"post_type\":\"A\",\"user_id\":\"venky\",\"ans_config\":{\"ans_posted_by\":\"venky\"},\"qstn_config\":{\"qstn_id\":\"52\",\"qstn_posted_by\":\"ic\"}}','spiderX','2018-01-12 16:16:34','2018-01-12 16:16:34','N','2018-01-23 07:08:40'),(140,'{\"post_type\":\"A\",\"user_id\":\"venky\",\"ans_config\":{\"ans_posted_by\":\"venky\"},\"qstn_config\":{\"qstn_id\":\"52\",\"qstn_posted_by\":\"ic\"}}','ic','2018-01-12 16:26:16','2018-01-12 16:26:16','N','2018-01-23 07:08:40'),(141,'{\"post_type\":\"A\",\"user_id\":\"venky\",\"ans_config\":{\"ans_posted_by\":\"venky\"},\"qstn_config\":{\"qstn_id\":\"52\",\"qstn_posted_by\":\"ic\"}}','sbhatt11','2018-01-12 16:26:16','2018-01-12 16:26:16','N','2018-01-23 07:08:40'),(142,'{\"post_type\":\"A\",\"user_id\":\"venky\",\"ans_config\":{\"ans_posted_by\":\"venky\"},\"qstn_config\":{\"qstn_id\":\"52\",\"qstn_posted_by\":\"ic\"}}','spiderX','2018-01-12 16:26:16','2018-01-12 16:26:16','N','2018-01-23 07:08:40'),(144,'{\"post_type\":\"A\",\"user_id\":\"venky\",\"ans_config\":{\"ans_posted_by\":\"venky\"},\"qstn_config\":{\"qstn_id\":\"52\",\"qstn_posted_by\":\"ic\"}}','ic','2018-01-12 16:26:51','2018-01-12 16:26:51','N','2018-01-23 07:08:40'),(145,'{\"post_type\":\"A\",\"user_id\":\"venky\",\"ans_config\":{\"ans_posted_by\":\"venky\"},\"qstn_config\":{\"qstn_id\":\"52\",\"qstn_posted_by\":\"ic\"}}','sbhatt11','2018-01-12 16:26:51','2018-01-12 16:26:51','N','2018-01-23 07:08:40'),(146,'{\"post_type\":\"A\",\"user_id\":\"venky\",\"ans_config\":{\"ans_posted_by\":\"venky\"},\"qstn_config\":{\"qstn_id\":\"52\",\"qstn_posted_by\":\"ic\"}}','spiderX','2018-01-12 16:26:51','2018-01-12 16:26:51','N','2018-01-23 07:08:40'),(148,'{\"post_type\":\"C\",\"user_id\":\"venky\",\"ans_config\":{\"ans_id\":\"132\",\"ans_posted_by\":\"venky\"},\"qstn_config\":{\"qstn_id\":\"52\",\"qstn_posted_by\":\"ic\"}}','ic','2018-01-12 16:27:34','2018-01-12 16:27:34','N','2018-01-12 16:27:34'),(149,'{\"post_type\":\"C\",\"user_id\":\"venky\",\"ans_config\":{\"ans_id\":\"132\",\"ans_posted_by\":\"venky\"},\"qstn_config\":{\"qstn_id\":\"52\",\"qstn_posted_by\":\"ic\"}}','mark','2018-01-12 16:27:34','2018-01-12 16:27:34','N','2018-01-12 16:27:34'),(150,'{\"post_type\":\"C\",\"user_id\":\"venky\",\"ans_config\":{\"ans_id\":\"128\",\"ans_posted_by\":\"sbhatt11\"},\"qstn_config\":{\"qstn_id\":\"52\",\"qstn_posted_by\":\"ic\"}}','sbhatt11','2018-01-12 16:28:35','2018-01-12 16:28:35','N','2018-01-12 16:28:35'),(151,'{\"post_type\":\"C\",\"user_id\":\"venky\",\"ans_config\":{\"ans_id\":\"128\",\"ans_posted_by\":\"sbhatt11\"},\"qstn_config\":{\"qstn_id\":\"52\",\"qstn_posted_by\":\"ic\"}}','ic','2018-01-12 16:28:35','2018-01-12 16:28:35','N','2018-01-12 16:28:35'),(152,'{\"post_type\":\"C\",\"user_id\":\"venky\",\"ans_config\":{\"ans_id\":\"128\",\"ans_posted_by\":\"sbhatt11\"},\"qstn_config\":{\"qstn_id\":\"52\",\"qstn_posted_by\":\"ic\"}}','nrperez','2018-01-12 16:28:35','2018-01-12 16:28:35','N','2018-01-12 16:28:35'),(153,'{\"post_type\":\"A\",\"user_id\":\"venky\",\"ans_config\":{\"ans_posted_by\":\"venky\"},\"qstn_config\":{\"qstn_id\":\"52\",\"qstn_posted_by\":\"ic\"}}','ic','2018-01-12 16:29:16','2018-01-12 16:29:16','N','2018-01-23 07:08:40'),(154,'{\"post_type\":\"A\",\"user_id\":\"venky\",\"ans_config\":{\"ans_posted_by\":\"venky\"},\"qstn_config\":{\"qstn_id\":\"52\",\"qstn_posted_by\":\"ic\"}}','sbhatt11','2018-01-12 16:29:16','2018-01-12 16:29:16','N','2018-01-23 07:08:40'),(155,'{\"post_type\":\"A\",\"user_id\":\"venky\",\"ans_config\":{\"ans_posted_by\":\"venky\"},\"qstn_config\":{\"qstn_id\":\"52\",\"qstn_posted_by\":\"ic\"}}','spiderX','2018-01-12 16:29:16','2018-01-12 16:29:16','N','2018-01-23 07:08:40'),(157,'{\"post_type\":\"C\",\"user_id\":\"venky\",\"ans_config\":{\"ans_id\":\"127\",\"ans_posted_by\":\"ic\"},\"qstn_config\":{\"qstn_id\":\"52\",\"qstn_posted_by\":\"ic\"}}','ic','2018-01-12 16:29:34','2018-01-12 16:29:34','N','2018-01-12 16:29:34'),(158,'{\"post_type\":\"A\",\"user_id\":\"venky\",\"ans_config\":{\"ans_posted_by\":\"venky\"},\"qstn_config\":{\"qstn_id\":\"52\",\"qstn_posted_by\":\"ic\"}}','ic','2018-01-12 17:09:39','2018-01-12 17:09:39','N','2018-01-23 07:08:40'),(159,'{\"post_type\":\"A\",\"user_id\":\"venky\",\"ans_config\":{\"ans_posted_by\":\"venky\"},\"qstn_config\":{\"qstn_id\":\"52\",\"qstn_posted_by\":\"ic\"}}','sbhatt11','2018-01-12 17:09:39','2018-01-12 17:09:39','N','2018-01-23 07:08:40'),(160,'{\"post_type\":\"A\",\"user_id\":\"venky\",\"ans_config\":{\"ans_posted_by\":\"venky\"},\"qstn_config\":{\"qstn_id\":\"52\",\"qstn_posted_by\":\"ic\"}}','spiderX','2018-01-12 17:09:39','2018-01-12 17:09:39','N','2018-01-23 07:08:40'),(162,'{\"post_type\":\"A\",\"user_id\":\"venky\",\"ans_config\":{\"ans_posted_by\":\"venky\"},\"qstn_config\":{\"qstn_id\":\"52\",\"qstn_posted_by\":\"ic\"}}','ic','2018-01-12 17:11:12','2018-01-12 17:11:12','N','2018-01-23 07:08:40'),(163,'{\"post_type\":\"A\",\"user_id\":\"venky\",\"ans_config\":{\"ans_posted_by\":\"venky\"},\"qstn_config\":{\"qstn_id\":\"52\",\"qstn_posted_by\":\"ic\"}}','sbhatt11','2018-01-12 17:11:12','2018-01-12 17:11:12','N','2018-01-23 07:08:40'),(164,'{\"post_type\":\"A\",\"user_id\":\"venky\",\"ans_config\":{\"ans_posted_by\":\"venky\"},\"qstn_config\":{\"qstn_id\":\"52\",\"qstn_posted_by\":\"ic\"}}','spiderX','2018-01-12 17:11:12','2018-01-12 17:11:12','N','2018-01-23 07:08:40'),(166,'{\"post_type\":\"A\",\"user_id\":\"venky\",\"ans_config\":{\"ans_posted_by\":\"venky\"},\"qstn_config\":{\"qstn_id\":\"52\",\"qstn_posted_by\":\"ic\"}}','ic','2018-01-12 17:17:13','2018-01-12 17:17:13','N','2018-01-23 07:08:40'),(167,'{\"post_type\":\"A\",\"user_id\":\"venky\",\"ans_config\":{\"ans_posted_by\":\"venky\"},\"qstn_config\":{\"qstn_id\":\"52\",\"qstn_posted_by\":\"ic\"}}','sbhatt11','2018-01-12 17:17:13','2018-01-12 17:17:13','N','2018-01-23 07:08:40'),(168,'{\"post_type\":\"A\",\"user_id\":\"venky\",\"ans_config\":{\"ans_posted_by\":\"venky\"},\"qstn_config\":{\"qstn_id\":\"52\",\"qstn_posted_by\":\"ic\"}}','spiderX','2018-01-12 17:17:13','2018-01-12 17:17:13','N','2018-01-23 07:08:40'),(170,'{\"post_type\":\"A\",\"user_id\":\"venky\",\"ans_config\":{\"ans_posted_by\":\"venky\"},\"qstn_config\":{\"qstn_id\":\"52\",\"qstn_posted_by\":\"ic\"}}','ic','2018-01-12 19:45:09','2018-01-12 19:45:09','N','2018-01-12 19:45:09'),(171,'{\"post_type\":\"A\",\"user_id\":\"venky\",\"ans_config\":{\"ans_posted_by\":\"venky\"},\"qstn_config\":{\"qstn_id\":\"52\",\"qstn_posted_by\":\"ic\"}}','sbhatt11','2018-01-12 19:45:09','2018-01-12 19:45:09','N','2018-01-12 19:45:09'),(172,'{\"post_type\":\"A\",\"user_id\":\"venky\",\"ans_config\":{\"ans_posted_by\":\"venky\"},\"qstn_config\":{\"qstn_id\":\"52\",\"qstn_posted_by\":\"ic\"}}','spiderX','2018-01-12 19:45:09','2018-01-12 19:45:09','N','2018-01-12 19:45:09'),(174,'{\"post_type\":\"A\",\"user_id\":\"venky\",\"ans_config\":{\"ans_posted_by\":\"venky\"},\"qstn_config\":{\"qstn_id\":\"1\",\"qstn_posted_by\":\"N\"}}','N','2018-01-12 19:48:52','2018-01-12 19:48:52','N','2018-01-12 19:48:52'),(175,'{\"post_type\":\"A\",\"user_id\":\"venky\",\"ans_config\":{\"ans_posted_by\":\"venky\"},\"qstn_config\":{\"qstn_id\":\"52\",\"qstn_posted_by\":\"ic\"}}','ic','2018-01-13 04:14:42','2018-01-13 04:14:42','N','2018-01-13 04:14:42'),(176,'{\"post_type\":\"A\",\"user_id\":\"venky\",\"ans_config\":{\"ans_posted_by\":\"venky\"},\"qstn_config\":{\"qstn_id\":\"52\",\"qstn_posted_by\":\"ic\"}}','sbhatt11','2018-01-13 04:14:42','2018-01-13 04:14:42','N','2018-01-13 04:14:42'),(177,'{\"post_type\":\"A\",\"user_id\":\"venky\",\"ans_config\":{\"ans_posted_by\":\"venky\"},\"qstn_config\":{\"qstn_id\":\"52\",\"qstn_posted_by\":\"ic\"}}','spiderX','2018-01-13 04:14:42','2018-01-13 04:14:42','N','2018-01-13 04:14:42'),(179,'{\"post_type\":\"A\",\"user_id\":\"venky\",\"ans_config\":{\"ans_posted_by\":\"venky\"},\"qstn_config\":{\"qstn_id\":\"26\",\"qstn_posted_by\":\"nrperez\"}}','nrperez','2018-01-13 04:17:19','2018-01-13 04:17:19','N','2018-01-13 04:17:19'),(180,'{\"post_type\":\"A\",\"user_id\":\"venky\",\"ans_config\":{\"ans_posted_by\":\"venky\"},\"qstn_config\":{\"qstn_id\":\"26\",\"qstn_posted_by\":\"nrperez\"}}','ic','2018-01-13 04:17:19','2018-01-13 04:17:19','N','2018-01-13 04:17:19'),(181,'{\"post_type\":\"A\",\"user_id\":\"venky\",\"ans_config\":{\"ans_posted_by\":\"venky\"},\"qstn_config\":{\"qstn_id\":\"26\",\"qstn_posted_by\":\"nrperez\"}}','nrperez','2018-01-13 04:19:54','2018-01-13 04:19:54','N','2018-01-13 04:19:54'),(182,'{\"post_type\":\"A\",\"user_id\":\"venky\",\"ans_config\":{\"ans_posted_by\":\"venky\"},\"qstn_config\":{\"qstn_id\":\"26\",\"qstn_posted_by\":\"nrperez\"}}','ic','2018-01-13 04:19:54','2018-01-13 04:19:54','N','2018-01-13 04:19:54'),(183,'{\"post_type\":\"A\",\"user_id\":\"venky\",\"ans_config\":{\"ans_posted_by\":\"venky\"},\"qstn_config\":{\"qstn_id\":\"52\",\"qstn_posted_by\":\"ic\"}}','ic','2018-01-13 04:25:02','2018-01-13 04:25:02','N','2018-01-13 04:25:02'),(184,'{\"post_type\":\"A\",\"user_id\":\"venky\",\"ans_config\":{\"ans_posted_by\":\"venky\"},\"qstn_config\":{\"qstn_id\":\"52\",\"qstn_posted_by\":\"ic\"}}','sbhatt11','2018-01-13 04:25:02','2018-01-13 04:25:02','N','2018-01-13 04:25:02'),(185,'{\"post_type\":\"A\",\"user_id\":\"venky\",\"ans_config\":{\"ans_posted_by\":\"venky\"},\"qstn_config\":{\"qstn_id\":\"52\",\"qstn_posted_by\":\"ic\"}}','spiderX','2018-01-13 04:25:02','2018-01-13 04:25:02','N','2018-01-13 04:25:02'),(187,'{\"post_type\":\"C\",\"user_id\":\"venky\",\"ans_config\":{\"ans_id\":\"37\",\"ans_posted_by\":\"ic\"},\"qstn_config\":{\"qstn_id\":\"26\",\"qstn_posted_by\":\"nrperez\"}}','ic','2018-01-13 05:47:16','2018-01-13 05:47:16','N','2018-01-13 05:47:16'),(188,'{\"post_type\":\"C\",\"user_id\":\"venky\",\"ans_config\":{\"ans_id\":\"37\",\"ans_posted_by\":\"ic\"},\"qstn_config\":{\"qstn_id\":\"26\",\"qstn_posted_by\":\"nrperez\"}}','nrperez','2018-01-13 05:47:16','2018-01-13 05:47:16','N','2018-01-13 05:47:16'),(189,'{\"post_type\":\"A\",\"user_id\":\"venky\",\"ans_config\":{\"ans_posted_by\":\"venky\"},\"qstn_config\":{\"qstn_id\":\"26\",\"qstn_posted_by\":\"nrperez\"}}','nrperez','2018-01-13 06:06:10','2018-01-13 06:06:10','N','2018-01-13 06:06:10'),(190,'{\"post_type\":\"A\",\"user_id\":\"venky\",\"ans_config\":{\"ans_posted_by\":\"venky\"},\"qstn_config\":{\"qstn_id\":\"26\",\"qstn_posted_by\":\"nrperez\"}}','ic','2018-01-13 06:06:10','2018-01-13 06:06:10','N','2018-01-13 06:06:10'),(191,'{\"post_type\":\"A\",\"user_id\":\"venky\",\"ans_config\":{\"ans_posted_by\":\"venky\"},\"qstn_config\":{\"qstn_id\":\"26\",\"qstn_posted_by\":\"nrperez\"}}','nrperez','2018-01-13 06:08:12','2018-01-13 06:08:12','N','2018-01-13 06:08:12'),(192,'{\"post_type\":\"A\",\"user_id\":\"venky\",\"ans_config\":{\"ans_posted_by\":\"venky\"},\"qstn_config\":{\"qstn_id\":\"26\",\"qstn_posted_by\":\"nrperez\"}}','ic','2018-01-13 06:08:12','2018-01-13 06:08:12','N','2018-01-13 06:08:12'),(193,'{\"post_type\":\"C\",\"user_id\":\"venky\",\"ans_config\":{\"ans_id\":\"21\",\"ans_posted_by\":\"N\"},\"qstn_config\":{\"qstn_id\":\"17\",\"qstn_posted_by\":\"nrperez\"}}','N','2018-01-13 06:40:59','2018-01-13 06:40:59','N','2018-01-13 06:40:59'),(194,'{\"post_type\":\"C\",\"user_id\":\"venky\",\"ans_config\":{\"ans_id\":\"21\",\"ans_posted_by\":\"N\"},\"qstn_config\":{\"qstn_id\":\"17\",\"qstn_posted_by\":\"nrperez\"}}','nrperez','2018-01-13 06:40:59','2018-01-13 06:40:59','N','2018-01-13 06:40:59'),(195,'{\"post_type\":\"C\",\"user_id\":\"venky\",\"ans_config\":{\"ans_id\":\"15\",\"ans_posted_by\":\"nrperez\"},\"qstn_config\":{\"qstn_id\":\"17\",\"qstn_posted_by\":\"nrperez\"}}','nrperez','2018-01-13 06:41:19','2018-01-13 06:41:19','N','2018-01-13 06:41:19'),(196,'{\"post_type\":\"C\",\"user_id\":\"venky\",\"ans_config\":{\"ans_id\":\"15\",\"ans_posted_by\":\"nrperez\"},\"qstn_config\":{\"qstn_id\":\"17\",\"qstn_posted_by\":\"nrperez\"}}','nrperez','2018-01-13 06:41:56','2018-01-13 06:41:56','N','2018-01-13 06:41:56'),(197,'{\"post_type\":\"C\",\"user_id\":\"venky\",\"ans_config\":{\"ans_id\":\"15\",\"ans_posted_by\":\"nrperez\"},\"qstn_config\":{\"qstn_id\":\"17\",\"qstn_posted_by\":\"nrperez\"}}','nrperez','2018-01-13 06:42:24','2018-01-13 06:42:24','N','2018-01-13 06:42:24'),(198,'{\"post_type\":\"C\",\"user_id\":\"venky\",\"ans_config\":{\"ans_id\":\"15\",\"ans_posted_by\":\"nrperez\"},\"qstn_config\":{\"qstn_id\":\"17\",\"qstn_posted_by\":\"nrperez\"}}','nrperez','2018-01-13 06:42:57','2018-01-13 06:42:57','N','2018-01-13 06:42:57'),(199,'{\"post_type\":\"C\",\"user_id\":\"venky\",\"ans_config\":{\"ans_id\":\"15\",\"ans_posted_by\":\"nrperez\"},\"qstn_config\":{\"qstn_id\":\"17\",\"qstn_posted_by\":\"nrperez\"}}','nrperez','2018-01-13 06:43:38','2018-01-13 06:43:38','N','2018-01-13 06:43:38'),(200,'{\"post_type\":\"C\",\"user_id\":\"venky\",\"ans_config\":{\"ans_id\":\"37\",\"ans_posted_by\":\"ic\"},\"qstn_config\":{\"qstn_id\":\"26\",\"qstn_posted_by\":\"nrperez\"}}','ic','2018-01-13 06:51:33','2018-01-13 06:51:33','N','2018-01-13 06:51:33'),(201,'{\"post_type\":\"C\",\"user_id\":\"venky\",\"ans_config\":{\"ans_id\":\"37\",\"ans_posted_by\":\"ic\"},\"qstn_config\":{\"qstn_id\":\"26\",\"qstn_posted_by\":\"nrperez\"}}','nrperez','2018-01-13 06:51:33','2018-01-13 06:51:33','N','2018-01-13 06:51:33'),(202,'{\"post_type\":\"C\",\"user_id\":\"venky\",\"ans_config\":{\"ans_id\":\"37\",\"ans_posted_by\":\"ic\"},\"qstn_config\":{\"qstn_id\":\"26\",\"qstn_posted_by\":\"nrperez\"}}','ic','2018-01-13 06:52:48','2018-01-13 06:52:48','N','2018-01-13 06:52:48'),(203,'{\"post_type\":\"C\",\"user_id\":\"venky\",\"ans_config\":{\"ans_id\":\"37\",\"ans_posted_by\":\"ic\"},\"qstn_config\":{\"qstn_id\":\"26\",\"qstn_posted_by\":\"nrperez\"}}','nrperez','2018-01-13 06:52:48','2018-01-13 06:52:48','N','2018-01-13 06:52:48'),(204,'{\"post_type\":\"A\",\"user_id\":\"venky\",\"ans_config\":{\"ans_posted_by\":\"venky\"},\"qstn_config\":{\"qstn_id\":\"26\",\"qstn_posted_by\":\"nrperez\"}}','nrperez','2018-01-13 16:28:24','2018-01-13 16:28:24','N','2018-01-23 07:08:40'),(205,'{\"post_type\":\"A\",\"user_id\":\"venky\",\"ans_config\":{\"ans_posted_by\":\"venky\"},\"qstn_config\":{\"qstn_id\":\"26\",\"qstn_posted_by\":\"nrperez\"}}','ic','2018-01-13 16:28:24','2018-01-13 16:28:24','N','2018-01-23 07:08:40'),(206,'{\"post_type\":\"C\",\"user_id\":\"venky\",\"ans_config\":{\"ans_id\":\"138\",\"ans_posted_by\":\"venky\"},\"qstn_config\":{\"qstn_id\":\"26\",\"qstn_posted_by\":\"nrperez\"}}','nrperez','2018-01-13 16:30:25','2018-01-13 16:30:25','N','2018-01-13 16:30:25'),(207,'{\"post_type\":\"A\",\"user_id\":\"venky\",\"ans_config\":{\"ans_posted_by\":\"venky\"},\"qstn_config\":{\"qstn_id\":\"17\",\"qstn_posted_by\":\"nrperez\"}}','nrperez','2018-01-14 12:06:02','2018-01-14 12:06:02','N','2018-01-14 12:06:02'),(208,'{\"post_type\":\"A\",\"user_id\":\"venky\",\"ans_config\":{\"ans_posted_by\":\"venky\"},\"qstn_config\":{\"qstn_id\":\"17\",\"qstn_posted_by\":\"nrperez\"}}','N','2018-01-14 12:06:02','2018-01-14 12:06:02','N','2018-01-14 12:06:02'),(209,'{\"post_type\":\"A\",\"user_id\":\"venky\",\"ans_config\":{\"ans_posted_by\":\"venky\"},\"qstn_config\":{\"qstn_id\":\"17\",\"qstn_posted_by\":\"nrperez\"}}','ic','2018-01-14 12:06:02','2018-01-14 12:06:02','N','2018-01-14 12:06:02'),(210,'{\"post_type\":\"A\",\"user_id\":\"venky\",\"ans_config\":{\"ans_posted_by\":\"venky\"},\"qstn_config\":{\"qstn_id\":\"17\",\"qstn_posted_by\":\"nrperez\"}}','Nash','2018-01-14 12:06:02','2018-01-14 12:06:02','N','2018-01-14 12:06:02'),(211,'{\"post_type\":\"C\",\"user_id\":\"venky\",\"ans_config\":{\"ans_id\":\"15\",\"ans_posted_by\":\"nrperez\"},\"qstn_config\":{\"qstn_id\":\"17\",\"qstn_posted_by\":\"nrperez\"}}','nrperez','2018-01-21 07:05:58','2018-01-21 07:05:58','N','2018-01-21 07:05:58'),(212,'{\"post_type\":\"A\",\"user_id\":\"venky\",\"ans_config\":{\"ans_posted_by\":\"venky\"},\"qstn_config\":{\"qstn_id\":\"7\",\"qstn_posted_by\":\"Cha0s\"}}','Cha0s','2018-01-21 11:45:53','2018-01-21 11:45:53','N','2018-01-21 11:45:53'),(213,'{\"post_type\":\"A\",\"user_id\":\"venky\",\"ans_config\":{\"ans_posted_by\":\"venky\"},\"qstn_config\":{\"qstn_id\":\"17\",\"qstn_posted_by\":\"nrperez\"}}','nrperez','2018-01-21 12:51:04','2018-01-21 12:51:04','N','2018-01-21 12:51:04'),(214,'{\"post_type\":\"A\",\"user_id\":\"venky\",\"ans_config\":{\"ans_posted_by\":\"venky\"},\"qstn_config\":{\"qstn_id\":\"17\",\"qstn_posted_by\":\"nrperez\"}}','N','2018-01-21 12:51:04','2018-01-21 12:51:04','N','2018-01-21 12:51:04'),(215,'{\"post_type\":\"A\",\"user_id\":\"venky\",\"ans_config\":{\"ans_posted_by\":\"venky\"},\"qstn_config\":{\"qstn_id\":\"17\",\"qstn_posted_by\":\"nrperez\"}}','ic','2018-01-21 12:51:04','2018-01-21 12:51:04','N','2018-01-21 12:51:04'),(216,'{\"post_type\":\"A\",\"user_id\":\"venky\",\"ans_config\":{\"ans_posted_by\":\"venky\"},\"qstn_config\":{\"qstn_id\":\"17\",\"qstn_posted_by\":\"nrperez\"}}','Nash','2018-01-21 12:51:04','2018-01-21 12:51:04','N','2018-01-21 12:51:04'),(217,'{\"post_type\":\"A\",\"user_id\":\"venky\",\"ans_config\":{\"ans_posted_by\":\"venky\"},\"qstn_config\":{\"qstn_id\":\"17\",\"qstn_posted_by\":\"nrperez\"}}','nrperez','2018-01-27 07:11:37','2018-01-27 07:11:37','0','2018-01-27 07:11:37'),(218,'{\"post_type\":\"A\",\"user_id\":\"venky\",\"ans_config\":{\"ans_posted_by\":\"venky\"},\"qstn_config\":{\"qstn_id\":\"17\",\"qstn_posted_by\":\"nrperez\"}}','N','2018-01-27 07:11:37','2018-01-27 07:11:37','0','2018-01-27 07:11:37'),(219,'{\"post_type\":\"A\",\"user_id\":\"venky\",\"ans_config\":{\"ans_posted_by\":\"venky\"},\"qstn_config\":{\"qstn_id\":\"17\",\"qstn_posted_by\":\"nrperez\"}}','ic','2018-01-27 07:11:37','2018-01-27 07:11:37','0','2018-01-27 07:11:37'),(220,'{\"post_type\":\"A\",\"user_id\":\"venky\",\"ans_config\":{\"ans_posted_by\":\"venky\"},\"qstn_config\":{\"qstn_id\":\"17\",\"qstn_posted_by\":\"nrperez\"}}','Nash','2018-01-27 07:11:37','2018-01-27 07:11:37','0','2018-01-27 07:11:37'),(221,'{\"post_type\":\"A\",\"user_id\":\"venky\",\"ans_config\":{\"ans_posted_by\":\"venky\"},\"qstn_config\":{\"qstn_id\":\"17\",\"qstn_posted_by\":\"nrperez\"}}','nrperez','2018-01-27 07:12:10','2018-01-27 07:12:10','0','2018-01-27 07:12:10'),(222,'{\"post_type\":\"A\",\"user_id\":\"venky\",\"ans_config\":{\"ans_posted_by\":\"venky\"},\"qstn_config\":{\"qstn_id\":\"17\",\"qstn_posted_by\":\"nrperez\"}}','N','2018-01-27 07:12:10','2018-01-27 07:12:10','0','2018-01-27 07:12:10'),(223,'{\"post_type\":\"A\",\"user_id\":\"venky\",\"ans_config\":{\"ans_posted_by\":\"venky\"},\"qstn_config\":{\"qstn_id\":\"17\",\"qstn_posted_by\":\"nrperez\"}}','ic','2018-01-27 07:12:10','2018-01-27 07:12:10','0','2018-01-27 07:12:10'),(224,'{\"post_type\":\"A\",\"user_id\":\"venky\",\"ans_config\":{\"ans_posted_by\":\"venky\"},\"qstn_config\":{\"qstn_id\":\"17\",\"qstn_posted_by\":\"nrperez\"}}','Nash','2018-01-27 07:12:10','2018-01-27 07:12:10','0','2018-01-27 07:12:10'),(225,'{\"post_type\":\"A\",\"user_id\":\"venky\",\"ans_config\":{\"ans_posted_by\":\"venky\"},\"qstn_config\":{\"qstn_id\":\"17\",\"qstn_posted_by\":\"nrperez\"}}','nrperez','2018-01-27 07:12:25','2018-01-27 07:12:25','0','2018-01-27 07:12:25'),(226,'{\"post_type\":\"A\",\"user_id\":\"venky\",\"ans_config\":{\"ans_posted_by\":\"venky\"},\"qstn_config\":{\"qstn_id\":\"17\",\"qstn_posted_by\":\"nrperez\"}}','N','2018-01-27 07:12:25','2018-01-27 07:12:25','0','2018-01-27 07:12:25'),(227,'{\"post_type\":\"A\",\"user_id\":\"venky\",\"ans_config\":{\"ans_posted_by\":\"venky\"},\"qstn_config\":{\"qstn_id\":\"17\",\"qstn_posted_by\":\"nrperez\"}}','ic','2018-01-27 07:12:25','2018-01-27 07:12:25','0','2018-01-27 07:12:25'),(228,'{\"post_type\":\"A\",\"user_id\":\"venky\",\"ans_config\":{\"ans_posted_by\":\"venky\"},\"qstn_config\":{\"qstn_id\":\"17\",\"qstn_posted_by\":\"nrperez\"}}','Nash','2018-01-27 07:12:25','2018-01-27 07:12:25','0','2018-01-27 07:12:25'),(229,'{\"post_type\":\"A\",\"user_id\":\"venky\",\"ans_config\":{\"ans_posted_by\":\"venky\"},\"qstn_config\":{\"qstn_id\":\"17\",\"qstn_posted_by\":\"nrperez\"}}','nrperez','2018-01-27 07:12:48','2018-01-27 07:12:48','0','2018-01-27 07:12:48'),(230,'{\"post_type\":\"A\",\"user_id\":\"venky\",\"ans_config\":{\"ans_posted_by\":\"venky\"},\"qstn_config\":{\"qstn_id\":\"17\",\"qstn_posted_by\":\"nrperez\"}}','N','2018-01-27 07:12:48','2018-01-27 07:12:48','0','2018-01-27 07:12:48'),(231,'{\"post_type\":\"A\",\"user_id\":\"venky\",\"ans_config\":{\"ans_posted_by\":\"venky\"},\"qstn_config\":{\"qstn_id\":\"17\",\"qstn_posted_by\":\"nrperez\"}}','ic','2018-01-27 07:12:48','2018-01-27 07:12:48','0','2018-01-27 07:12:48'),(232,'{\"post_type\":\"A\",\"user_id\":\"venky\",\"ans_config\":{\"ans_posted_by\":\"venky\"},\"qstn_config\":{\"qstn_id\":\"17\",\"qstn_posted_by\":\"nrperez\"}}','Nash','2018-01-27 07:12:48','2018-01-27 07:12:48','0','2018-01-27 07:12:48'),(233,'{\"post_type\":\"A\",\"user_id\":\"venky\",\"ans_config\":{\"ans_posted_by\":\"venky\"},\"qstn_config\":{\"qstn_id\":\"17\",\"qstn_posted_by\":\"nrperez\"}}','nrperez','2018-01-27 07:16:07','2018-01-27 07:16:07','0','2018-01-27 07:16:07'),(234,'{\"post_type\":\"A\",\"user_id\":\"venky\",\"ans_config\":{\"ans_posted_by\":\"venky\"},\"qstn_config\":{\"qstn_id\":\"17\",\"qstn_posted_by\":\"nrperez\"}}','N','2018-01-27 07:16:07','2018-01-27 07:16:07','0','2018-01-27 07:16:07'),(235,'{\"post_type\":\"A\",\"user_id\":\"venky\",\"ans_config\":{\"ans_posted_by\":\"venky\"},\"qstn_config\":{\"qstn_id\":\"17\",\"qstn_posted_by\":\"nrperez\"}}','ic','2018-01-27 07:16:07','2018-01-27 07:16:07','0','2018-01-27 07:16:07'),(236,'{\"post_type\":\"A\",\"user_id\":\"venky\",\"ans_config\":{\"ans_posted_by\":\"venky\"},\"qstn_config\":{\"qstn_id\":\"17\",\"qstn_posted_by\":\"nrperez\"}}','Nash','2018-01-27 07:16:07','2018-01-27 07:16:07','0','2018-01-27 07:16:07'),(237,'{\"post_type\":\"A\",\"user_id\":\"venky\",\"ans_config\":{\"ans_posted_by\":\"venky\"},\"qstn_config\":{\"qstn_id\":\"17\",\"qstn_posted_by\":\"nrperez\"}}','nrperez','2018-01-27 07:21:21','2018-01-27 07:21:21','0','2018-01-27 07:21:21'),(238,'{\"post_type\":\"A\",\"user_id\":\"venky\",\"ans_config\":{\"ans_posted_by\":\"venky\"},\"qstn_config\":{\"qstn_id\":\"17\",\"qstn_posted_by\":\"nrperez\"}}','N','2018-01-27 07:21:21','2018-01-27 07:21:21','0','2018-01-27 07:21:21'),(239,'{\"post_type\":\"A\",\"user_id\":\"venky\",\"ans_config\":{\"ans_posted_by\":\"venky\"},\"qstn_config\":{\"qstn_id\":\"17\",\"qstn_posted_by\":\"nrperez\"}}','ic','2018-01-27 07:21:21','2018-01-27 07:21:21','0','2018-01-27 07:21:21'),(240,'{\"post_type\":\"A\",\"user_id\":\"venky\",\"ans_config\":{\"ans_posted_by\":\"venky\"},\"qstn_config\":{\"qstn_id\":\"17\",\"qstn_posted_by\":\"nrperez\"}}','Nash','2018-01-27 07:21:21','2018-01-27 07:21:21','0','2018-01-27 07:21:21'),(241,'{\"post_type\":\"A\",\"user_id\":\"venky\",\"ans_config\":{\"ans_posted_by\":\"venky\"},\"qstn_config\":{\"qstn_id\":\"17\",\"qstn_posted_by\":\"nrperez\"}}','nrperez','2018-01-27 07:22:37','2018-01-27 07:22:37','0','2018-01-27 07:22:37'),(242,'{\"post_type\":\"A\",\"user_id\":\"venky\",\"ans_config\":{\"ans_posted_by\":\"venky\"},\"qstn_config\":{\"qstn_id\":\"17\",\"qstn_posted_by\":\"nrperez\"}}','N','2018-01-27 07:22:37','2018-01-27 07:22:37','0','2018-01-27 07:22:37'),(243,'{\"post_type\":\"A\",\"user_id\":\"venky\",\"ans_config\":{\"ans_posted_by\":\"venky\"},\"qstn_config\":{\"qstn_id\":\"17\",\"qstn_posted_by\":\"nrperez\"}}','ic','2018-01-27 07:22:37','2018-01-27 07:22:37','0','2018-01-27 07:22:37'),(244,'{\"post_type\":\"A\",\"user_id\":\"venky\",\"ans_config\":{\"ans_posted_by\":\"venky\"},\"qstn_config\":{\"qstn_id\":\"17\",\"qstn_posted_by\":\"nrperez\"}}','Nash','2018-01-27 07:22:37','2018-01-27 07:22:37','0','2018-01-27 07:22:37'),(245,'{\"post_type\":\"A\",\"user_id\":\"venky\",\"ans_config\":{\"ans_posted_by\":\"venky\"},\"qstn_config\":{\"qstn_id\":\"17\",\"qstn_posted_by\":\"nrperez\"}}','nrperez','2018-01-27 07:22:58','2018-01-27 07:22:58','0','2018-01-27 07:22:58'),(246,'{\"post_type\":\"A\",\"user_id\":\"venky\",\"ans_config\":{\"ans_posted_by\":\"venky\"},\"qstn_config\":{\"qstn_id\":\"17\",\"qstn_posted_by\":\"nrperez\"}}','N','2018-01-27 07:22:58','2018-01-27 07:22:58','0','2018-01-27 07:22:58'),(247,'{\"post_type\":\"A\",\"user_id\":\"venky\",\"ans_config\":{\"ans_posted_by\":\"venky\"},\"qstn_config\":{\"qstn_id\":\"17\",\"qstn_posted_by\":\"nrperez\"}}','ic','2018-01-27 07:22:58','2018-01-27 07:22:58','0','2018-01-27 07:22:58'),(248,'{\"post_type\":\"A\",\"user_id\":\"venky\",\"ans_config\":{\"ans_posted_by\":\"venky\"},\"qstn_config\":{\"qstn_id\":\"17\",\"qstn_posted_by\":\"nrperez\"}}','Nash','2018-01-27 07:22:58','2018-01-27 07:22:58','0','2018-01-27 07:22:58'),(249,'{\"post_type\":\"A\",\"user_id\":\"venky\",\"ans_config\":{\"ans_posted_by\":\"venky\"},\"qstn_config\":{\"qstn_id\":\"17\",\"qstn_posted_by\":\"nrperez\"}}','nrperez','2018-01-27 07:23:39','2018-01-27 07:23:39','0','2018-01-27 07:23:39'),(250,'{\"post_type\":\"A\",\"user_id\":\"venky\",\"ans_config\":{\"ans_posted_by\":\"venky\"},\"qstn_config\":{\"qstn_id\":\"17\",\"qstn_posted_by\":\"nrperez\"}}','N','2018-01-27 07:23:39','2018-01-27 07:23:39','0','2018-01-27 07:23:39'),(251,'{\"post_type\":\"A\",\"user_id\":\"venky\",\"ans_config\":{\"ans_posted_by\":\"venky\"},\"qstn_config\":{\"qstn_id\":\"17\",\"qstn_posted_by\":\"nrperez\"}}','ic','2018-01-27 07:23:39','2018-01-27 07:23:39','0','2018-01-27 07:23:39'),(252,'{\"post_type\":\"A\",\"user_id\":\"venky\",\"ans_config\":{\"ans_posted_by\":\"venky\"},\"qstn_config\":{\"qstn_id\":\"17\",\"qstn_posted_by\":\"nrperez\"}}','Nash','2018-01-27 07:23:39','2018-01-27 07:23:39','0','2018-01-27 07:23:39'),(253,'{\"post_type\":\"A\",\"user_id\":\"venky\",\"ans_config\":{\"ans_posted_by\":\"venky\"},\"qstn_config\":{\"qstn_id\":\"17\",\"qstn_posted_by\":\"nrperez\"}}','nrperez','2018-01-27 07:27:34','2018-01-27 07:27:34','0','2018-01-27 07:27:34'),(254,'{\"post_type\":\"A\",\"user_id\":\"venky\",\"ans_config\":{\"ans_posted_by\":\"venky\"},\"qstn_config\":{\"qstn_id\":\"17\",\"qstn_posted_by\":\"nrperez\"}}','N','2018-01-27 07:27:34','2018-01-27 07:27:34','0','2018-01-27 07:27:34'),(255,'{\"post_type\":\"A\",\"user_id\":\"venky\",\"ans_config\":{\"ans_posted_by\":\"venky\"},\"qstn_config\":{\"qstn_id\":\"17\",\"qstn_posted_by\":\"nrperez\"}}','ic','2018-02-21 14:56:07','2018-01-27 07:27:34','Y','2018-02-21 14:56:07'),(256,'{\"post_type\":\"A\",\"user_id\":\"venky\",\"ans_config\":{\"ans_posted_by\":\"venky\"},\"qstn_config\":{\"qstn_id\":\"17\",\"qstn_posted_by\":\"nrperez\"}}','Nash','2018-01-27 07:27:34','2018-01-27 07:27:34','0','2018-01-27 07:27:34'),(257,'{\"post_type\":\"A\",\"user_id\":\"ic\",\"ans_config\":{\"ans_posted_by\":\"ic\"},\"qstn_config\":{\"qstn_id\":\"41\",\"qstn_posted_by\":\"venky\"}}','venky','2018-02-10 19:47:01','2018-02-10 19:47:01','0','2018-02-10 19:47:01'),(258,'{\"post_type\":\"A\",\"user_id\":\"ic\",\"ans_config\":{\"ans_posted_by\":\"ic\"},\"qstn_config\":{\"qstn_id\":\"41\",\"qstn_posted_by\":\"venky\"}}','nrperez','2018-02-10 19:47:01','2018-02-10 19:47:01','0','2018-02-10 19:47:01'),(259,'{\"post_type\":\"A\",\"user_id\":\"ic\",\"ans_config\":{\"ans_posted_by\":\"ic\"},\"qstn_config\":{\"qstn_id\":\"61\",\"qstn_posted_by\":\"venky\"}}','venky','2018-02-11 13:38:32','2018-02-11 13:38:32','0','2018-02-11 13:38:32'),(260,'{\"post_type\":\"A\",\"user_id\":\"john12345\",\"ans_config\":{\"ans_posted_by\":\"john12345\"},\"qstn_config\":{\"qstn_id\":\"17\",\"qstn_posted_by\":\"nrperez\"}}','nrperez','2018-02-11 16:04:18','2018-02-11 16:04:18','N','2018-02-11 16:04:18'),(261,'{\"post_type\":\"A\",\"user_id\":\"john12345\",\"ans_config\":{\"ans_posted_by\":\"john12345\"},\"qstn_config\":{\"qstn_id\":\"17\",\"qstn_posted_by\":\"nrperez\"}}','N','2018-02-11 16:04:18','2018-02-11 16:04:18','N','2018-02-11 16:04:18'),(262,'{\"post_type\":\"A\",\"user_id\":\"john12345\",\"ans_config\":{\"ans_posted_by\":\"john12345\"},\"qstn_config\":{\"qstn_id\":\"17\",\"qstn_posted_by\":\"nrperez\"}}','ic','2018-02-11 16:04:18','2018-02-11 16:04:18','N','2018-02-11 16:04:18'),(263,'{\"post_type\":\"A\",\"user_id\":\"john12345\",\"ans_config\":{\"ans_posted_by\":\"john12345\"},\"qstn_config\":{\"qstn_id\":\"17\",\"qstn_posted_by\":\"nrperez\"}}','venky','2018-02-17 05:07:54','2018-02-11 16:04:18','Y','2018-02-17 05:07:54'),(264,'{\"post_type\":\"A\",\"user_id\":\"john12345\",\"ans_config\":{\"ans_posted_by\":\"john12345\"},\"qstn_config\":{\"qstn_id\":\"17\",\"qstn_posted_by\":\"nrperez\"}}','Nash','2018-02-11 16:04:18','2018-02-11 16:04:18','N','2018-02-11 16:04:18'),(268,'{\"post_type\":\"A\",\"user_id\":\"bala\",\"ans_config\":{\"ans_posted_by\":\"bala\"},\"qstn_config\":{\"qstn_id\":\"6\",\"qstn_posted_by\":\"Cha0s\"}}','Cha0s','2018-02-12 18:42:41','2018-02-12 18:42:41','N','2018-02-12 18:42:41'),(269,'{\"post_type\":\"A\",\"user_id\":\"bala\",\"ans_config\":{\"ans_posted_by\":\"bala\"},\"qstn_config\":{\"qstn_id\":\"6\",\"qstn_posted_by\":\"Cha0s\"}}','ic','2018-02-21 14:55:17','2018-02-12 18:42:42','Y','2018-02-21 14:55:17'),(270,'{\"post_type\":\"A\",\"user_id\":\"bala\",\"ans_config\":{\"ans_posted_by\":\"bala\"},\"qstn_config\":{\"qstn_id\":\"36\",\"qstn_posted_by\":\"ic\"}}','ic','2018-02-21 14:55:34','2018-02-12 18:43:20','Y','2018-02-21 14:55:34'),(271,'{\"post_type\":\"C\",\"user_id\":\"ic\",\"ans_config\":{\"ans_id\":\"169\",\"ans_posted_by\":\"venky\"},\"qstn_config\":{\"qstn_id\":\"17\",\"qstn_posted_by\":\"nrperez\"}}','venky','2018-03-03 13:44:11','2018-02-21 14:56:46','Y','2018-03-03 13:44:11'),(272,'{\"post_type\":\"C\",\"user_id\":\"ic\",\"ans_config\":{\"ans_id\":\"169\",\"ans_posted_by\":\"venky\"},\"qstn_config\":{\"qstn_id\":\"17\",\"qstn_posted_by\":\"nrperez\"}}','nrperez','2018-02-21 14:56:46','2018-02-21 14:56:46','N','2018-02-21 14:56:46');
/*!40000 ALTER TABLE `notifications` ENABLE KEYS */;
UNLOCK TABLES;

--
-- Table structure for table `qstn_tags`
--

DROP TABLE IF EXISTS `qstn_tags`;
/*!40101 SET @saved_cs_client     = @@character_set_client */;
/*!40101 SET character_set_client = utf8 */;
CREATE TABLE `qstn_tags` (
  `qstn_id` int(11) NOT NULL,
  `tag_id` int(11) NOT NULL,
  `created_by` timestamp NOT NULL DEFAULT CURRENT_TIMESTAMP,
  `last_updt_ts` timestamp NOT NULL DEFAULT CURRENT_TIMESTAMP ON UPDATE CURRENT_TIMESTAMP,
  KEY `fk_qstn_id` (`qstn_id`),
  KEY `fk_tag_id` (`tag_id`),
  CONSTRAINT `fk_qstn_id` FOREIGN KEY (`qstn_id`) REFERENCES `questions` (`qstn_id`),
  CONSTRAINT `fk_tag_id` FOREIGN KEY (`tag_id`) REFERENCES `tags` (`tag_id`)
) ENGINE=InnoDB DEFAULT CHARSET=latin1;
/*!40101 SET character_set_client = @saved_cs_client */;

--
-- Dumping data for table `qstn_tags`
--

LOCK TABLES `qstn_tags` WRITE;
/*!40000 ALTER TABLE `qstn_tags` DISABLE KEYS */;
INSERT INTO `qstn_tags` VALUES (1,1,'2017-07-23 07:11:29','0000-00-00 00:00:00'),(1,2,'2017-07-23 07:11:29','0000-00-00 00:00:00'),(1,3,'2017-07-23 07:11:29','0000-00-00 00:00:00'),(2,5,'2017-07-23 15:00:06','0000-00-00 00:00:00'),(3,6,'2017-07-23 15:13:25','0000-00-00 00:00:00'),(3,7,'2017-07-23 15:13:25','0000-00-00 00:00:00'),(4,14,'2017-07-25 18:54:32','0000-00-00 00:00:00'),(4,15,'2017-07-25 18:54:32','0000-00-00 00:00:00'),(5,16,'2017-07-27 18:42:43','0000-00-00 00:00:00'),(5,17,'2017-07-27 18:42:43','0000-00-00 00:00:00'),(6,18,'2017-07-29 10:56:17','0000-00-00 00:00:00'),(6,19,'2017-07-29 10:56:17','0000-00-00 00:00:00'),(6,20,'2017-07-29 10:56:17','0000-00-00 00:00:00'),(7,21,'2017-07-29 11:00:25','0000-00-00 00:00:00'),(7,22,'2017-07-29 11:00:25','0000-00-00 00:00:00'),(8,30,'2017-07-30 14:34:14','0000-00-00 00:00:00'),(9,32,'2017-07-30 14:45:32','0000-00-00 00:00:00'),(10,33,'2017-07-30 14:46:06','0000-00-00 00:00:00'),(11,34,'2017-07-30 14:48:57','0000-00-00 00:00:00'),(12,35,'2017-07-30 14:49:53','0000-00-00 00:00:00'),(13,36,'2017-08-06 14:13:33','0000-00-00 00:00:00'),(14,37,'2017-08-06 17:18:21','0000-00-00 00:00:00'),(14,38,'2017-08-06 17:18:21','0000-00-00 00:00:00'),(15,39,'2017-08-06 18:07:34','0000-00-00 00:00:00'),(15,2,'2017-08-06 18:07:34','0000-00-00 00:00:00'),(15,40,'2017-08-06 18:07:34','0000-00-00 00:00:00'),(16,40,'2017-08-07 19:27:11','0000-00-00 00:00:00'),(16,3,'2017-08-07 19:27:11','0000-00-00 00:00:00'),(17,1,'2017-08-08 11:24:07','0000-00-00 00:00:00'),(17,41,'2017-08-08 11:24:07','0000-00-00 00:00:00'),(18,43,'2017-08-08 11:36:03','0000-00-00 00:00:00'),(19,44,'2017-08-09 05:06:45','0000-00-00 00:00:00'),(19,45,'2017-08-09 05:06:45','0000-00-00 00:00:00'),(20,46,'2017-08-09 14:43:26','0000-00-00 00:00:00'),(21,1,'2017-08-09 14:54:36','0000-00-00 00:00:00'),(21,3,'2017-08-09 14:54:36','0000-00-00 00:00:00'),(21,47,'2017-08-09 14:54:36','0000-00-00 00:00:00'),(22,1,'2017-08-10 14:53:07','0000-00-00 00:00:00'),(22,49,'2017-08-10 14:53:07','0000-00-00 00:00:00'),(22,1,'2017-08-10 14:53:07','0000-00-00 00:00:00'),(22,1,'2017-08-10 14:53:07','0000-00-00 00:00:00'),(22,50,'2017-08-10 14:53:07','0000-00-00 00:00:00'),(23,57,'2017-08-12 15:17:56','0000-00-00 00:00:00'),(24,1,'2017-08-12 16:20:45','0000-00-00 00:00:00'),(24,40,'2017-08-12 16:20:45','0000-00-00 00:00:00'),(25,58,'2017-08-13 13:26:40','0000-00-00 00:00:00'),(26,1,'2017-08-15 12:29:30','0000-00-00 00:00:00'),(26,41,'2017-08-15 12:29:30','0000-00-00 00:00:00'),(26,59,'2017-08-15 12:29:30','0000-00-00 00:00:00'),(26,1,'2017-08-15 12:29:30','0000-00-00 00:00:00'),(26,60,'2017-08-15 12:29:30','0000-00-00 00:00:00'),(27,61,'2017-08-19 14:48:08','0000-00-00 00:00:00'),(27,39,'2017-08-19 14:48:08','0000-00-00 00:00:00'),(27,1,'2017-08-19 14:48:08','0000-00-00 00:00:00'),(27,62,'2017-08-19 14:48:08','0000-00-00 00:00:00'),(28,72,'2017-08-22 23:29:01','0000-00-00 00:00:00'),(28,73,'2017-08-22 23:29:01','0000-00-00 00:00:00'),(29,74,'2017-08-29 11:44:55','0000-00-00 00:00:00'),(29,75,'2017-08-29 11:44:55','0000-00-00 00:00:00'),(30,76,'2017-08-30 22:51:20','0000-00-00 00:00:00'),(30,77,'2017-08-30 22:51:20','0000-00-00 00:00:00'),(31,78,'2017-09-03 23:15:09','0000-00-00 00:00:00'),(31,79,'2017-09-03 23:15:09','0000-00-00 00:00:00'),(32,80,'2017-09-07 19:17:21','0000-00-00 00:00:00'),(32,81,'2017-09-07 19:17:21','0000-00-00 00:00:00'),(33,83,'2017-09-09 20:40:41','0000-00-00 00:00:00'),(33,84,'2017-09-09 20:40:41','0000-00-00 00:00:00'),(34,1,'2017-09-10 14:58:03','0000-00-00 00:00:00'),(34,50,'2017-09-10 14:58:03','0000-00-00 00:00:00'),(35,85,'2017-09-10 15:00:47','0000-00-00 00:00:00'),(35,86,'2017-09-10 15:00:47','0000-00-00 00:00:00'),(36,90,'2017-09-10 18:18:03','0000-00-00 00:00:00'),(36,91,'2017-09-10 18:18:03','0000-00-00 00:00:00'),(37,92,'2017-09-11 02:48:24','0000-00-00 00:00:00'),(37,93,'2017-09-11 02:48:24','0000-00-00 00:00:00'),(38,98,'2017-09-11 19:53:19','0000-00-00 00:00:00'),(39,99,'2017-09-11 19:53:55','0000-00-00 00:00:00'),(40,100,'2017-09-11 19:54:26','0000-00-00 00:00:00'),(41,101,'2017-09-12 17:31:00','0000-00-00 00:00:00'),(41,102,'2017-09-12 17:31:00','0000-00-00 00:00:00'),(42,103,'2017-09-13 13:14:28','0000-00-00 00:00:00'),(43,104,'2017-09-17 09:26:46','0000-00-00 00:00:00'),(44,105,'2017-09-28 13:31:21','0000-00-00 00:00:00'),(45,106,'2017-09-28 13:32:35','0000-00-00 00:00:00'),(45,72,'2017-09-28 13:32:35','0000-00-00 00:00:00'),(46,107,'2017-09-28 13:36:06','0000-00-00 00:00:00'),(46,108,'2017-09-28 13:36:06','0000-00-00 00:00:00'),(47,109,'2017-09-30 16:34:02','0000-00-00 00:00:00'),(48,110,'2017-09-30 16:56:00','0000-00-00 00:00:00'),(48,111,'2017-09-30 16:56:00','0000-00-00 00:00:00'),(48,112,'2017-09-30 16:56:00','0000-00-00 00:00:00'),(48,113,'2017-09-30 16:56:00','0000-00-00 00:00:00'),(49,114,'2017-10-01 22:45:44','0000-00-00 00:00:00'),(49,66,'2017-10-01 22:45:44','0000-00-00 00:00:00'),(50,115,'2017-10-15 00:13:31','0000-00-00 00:00:00'),(50,116,'2017-10-15 00:13:31','0000-00-00 00:00:00'),(51,119,'2017-11-09 15:44:59','0000-00-00 00:00:00'),(51,120,'2017-11-09 15:44:59','0000-00-00 00:00:00'),(51,121,'2017-11-09 15:44:59','0000-00-00 00:00:00'),(51,122,'2017-11-09 15:44:59','0000-00-00 00:00:00'),(52,44,'2017-11-23 03:10:11','0000-00-00 00:00:00'),(52,62,'2017-11-23 03:10:11','0000-00-00 00:00:00'),(53,110,'2017-12-08 14:37:45','0000-00-00 00:00:00'),(53,112,'2017-12-08 14:37:45','0000-00-00 00:00:00'),(54,123,'2017-12-08 14:38:28','0000-00-00 00:00:00'),(54,57,'2017-12-08 14:38:28','0000-00-00 00:00:00'),(54,124,'2017-12-08 14:38:28','0000-00-00 00:00:00'),(55,125,'2017-12-08 14:39:03','0000-00-00 00:00:00'),(55,126,'2017-12-08 14:39:03','0000-00-00 00:00:00'),(56,130,'2017-12-10 16:10:21','0000-00-00 00:00:00'),(57,131,'2017-12-10 16:11:00','0000-00-00 00:00:00'),(58,134,'2017-12-12 02:01:34','0000-00-00 00:00:00'),(59,123,'2017-12-16 21:39:37','0000-00-00 00:00:00'),(60,184,'2018-01-14 12:55:22','2018-01-14 12:55:22'),(60,185,'2018-01-14 12:55:22','2018-01-14 12:55:22'),(60,186,'2018-01-14 12:55:22','2018-01-14 12:55:22'),(60,187,'2018-01-14 12:55:22','2018-01-14 12:55:22'),(61,81,'2018-01-21 14:24:33','2018-01-21 14:24:33'),(62,189,'2018-01-21 14:26:26','2018-01-21 14:26:26'),(63,190,'2018-01-22 07:53:02','2018-01-22 07:53:02'),(63,191,'2018-01-22 07:53:02','2018-01-22 07:53:02'),(64,191,'2018-01-22 18:26:16','2018-01-22 18:26:16'),(64,192,'2018-01-22 18:26:16','2018-01-22 18:26:16'),(65,193,'2018-02-11 13:39:58','2018-02-11 13:39:58'),(66,39,'2018-02-11 15:53:02','2018-02-11 15:53:02'),(66,40,'2018-02-11 15:53:02','2018-02-11 15:53:02'),(66,2,'2018-02-11 15:53:02','2018-02-11 15:53:02'),(67,194,'2018-02-12 18:46:38','2018-02-12 18:46:38'),(68,195,'2018-03-03 18:29:33','2018-03-03 18:29:33'),(68,196,'2018-03-03 18:29:33','2018-03-03 18:29:33'),(69,110,'2018-03-04 15:14:13','2018-03-04 15:14:13');
/*!40000 ALTER TABLE `qstn_tags` ENABLE KEYS */;
UNLOCK TABLES;

--
-- Table structure for table `questions`
--

DROP TABLE IF EXISTS `questions`;
/*!40101 SET @saved_cs_client     = @@character_set_client */;
/*!40101 SET character_set_client = utf8 */;
CREATE TABLE `questions` (
  `qstn_id` int(5) NOT NULL AUTO_INCREMENT,
  `qstn_titl` varchar(3000) NOT NULL,
  `qstn_desc` varchar(20000) NOT NULL,
  `qstn_status` char(1) NOT NULL,
  `topic_id` int(5) NOT NULL,
  `up_votes` int(11) NOT NULL DEFAULT '0',
  `down_votes` int(11) NOT NULL DEFAULT '0',
  `posted_by` varchar(50) NOT NULL,
  `created_ts` timestamp NOT NULL DEFAULT CURRENT_TIMESTAMP,
  `last_updt_ts` timestamp NOT NULL DEFAULT CURRENT_TIMESTAMP ON UPDATE CURRENT_TIMESTAMP,
  `views` bigint(20) NOT NULL DEFAULT '0',
  PRIMARY KEY (`qstn_id`),
  KEY `topic_id` (`topic_id`),
  KEY `fk_qstn_userid` (`posted_by`),
  FULLTEXT KEY `fulltxt_index` (`qstn_titl`,`qstn_desc`),
  CONSTRAINT `fk_qstn_userid` FOREIGN KEY (`posted_by`) REFERENCES `users` (`user_id`) ON UPDATE CASCADE,
  CONSTRAINT `fk_topic` FOREIGN KEY (`topic_id`) REFERENCES `topics` (`topic_id`)
) ENGINE=InnoDB AUTO_INCREMENT=70 DEFAULT CHARSET=latin1;
/*!40101 SET character_set_client = @saved_cs_client */;

--
-- Dumping data for table `questions`
--

LOCK TABLES `questions` WRITE;
/*!40000 ALTER TABLE `questions` DISABLE KEYS */;
INSERT INTO `questions` VALUES (1,'molecular models','Explain the structure of nucleus in the molecular model.','A',7,1,0,'N','2017-07-23 07:11:29','2018-02-11 07:59:25',13347),(2,'qwef','asewe','A',8,0,0,'TrialNash','2017-07-23 15:00:06','2018-01-13 19:17:06',0),(3,'Atomic structure','Explain structure of atoms.','A',7,0,0,'N','2017-07-23 15:13:25','2018-01-13 19:17:06',0),(4,'Cancer treatment','Which is best medical centre for cancer treatment globally','A',9,0,0,'N','2017-07-25 18:54:32','2018-01-13 19:17:06',0),(5,'Machine learning','What is machine learning','A',8,0,0,'venky','2017-07-27 18:42:43','2018-01-13 19:17:06',0),(6,'Age of earth','What is the age of  earth and ow long it will survive?','A',8,0,0,'Cha0s','2017-07-29 10:56:17','2018-02-21 14:55:17',1),(7,'artificial intelligence','Data science, articificial intelligence. Data science, articificial intelligence. Data science, articificial intelligence. Data science, articificial intelligence. Data science, articificial intelligence. Data science, articificial intelligence. Data science, articificial intelligence. Data science, articificial intelligence. Data science, articificial intelligence. Data science, articificial intelligence. Data science, articificial intelligence. Data science, articificial intelligence. Data science, articificial intelligence. Data science, articificial intelligence. Data science, articificial intelligence. Data science, articificial intelligence. Data science, articificial intelligence. Data science, articificial intelligence. Data science, articificial intelligence. Data science, articificial intelligence. Data science, articificial intelligence. Data science, articificial intelligence. Data science, articificial intelligence. Data science, articificial intelligence. Data science, articificial intelligence. Data science, articificial intelligence. Data science, articificial intelligence. Data science, articificial intelligence. Data science, articificial intelligence. Data science, articificial intelligence. Data science, articificial intelligence. Data science, articificial intelligence. Data science, articificial intelligence. Data science, articificial intelligence. Data science, articificial intelligence. Data science, articificial intelligence. Data science, articificial intelligence. Data science, articificial intelligence. Data science, articificial intelligence. Data science, articificial intelligence. Data science, articificial intelligence. Data science, articificial intelligence. Data science, articificial intelligence. Data science, articificial intelligence. Data science, articificial intelligence. Data science, articificial intelligence. Data science, articificial intelligence. Data science, articificial intelligence. Data science, articificial intelligence. Data science, articificial intelligence. Data science, articificial intelligence. Data science, articificial intelligence. Data science, articificial intelligence.','A',8,0,0,'Cha0s','2017-07-29 11:00:25','2018-01-13 19:17:06',0),(8,'Game development','how is artificial intelligence useful in gaming area and game development','A',8,0,0,'N','2017-07-30 14:34:14','2018-01-13 19:17:06',0),(9,'a1','a1','A',7,0,0,'Nash','2017-07-30 14:45:32','2017-07-30 14:45:32',0),(10,'w3','q23gwerg','A',7,0,0,'Nash','2017-07-30 14:46:06','2018-01-13 19:17:06',0),(11,'23f','sdfrq34fer','A',7,0,0,'Nash','2017-07-30 14:48:57','2018-01-13 19:17:06',0),(12,'q23qrf','ew123','A',8,0,0,'Nash','2017-07-30 14:49:53','2018-01-13 19:17:06',0),(13,'lala','lala','A',7,0,0,'nrperez','2017-08-06 14:13:33','2018-01-13 19:17:06',0),(14,'bhdbfhdvh','<p><strong>The quick brown fox jumps over the lazy dog.</strong></p>','A',19,0,0,'venky','2017-08-06 17:18:21','2018-01-13 19:17:06',0),(15,'cells structure','<p>Explain the structure of cells in a nucleus?</p>','A',27,0,0,'venky','2017-08-06 18:07:34','2018-01-13 19:17:06',0),(16,'Atoms and molecules','<p>How are atoms formed?</p>','A',15,0,0,'venky','2017-08-07 19:27:11','2018-01-13 19:17:06',0),(17,'Keep getting contamination','<p>I have been working in cell culture for a little while but my cells are always getting contaminated... what am I doing wrong?</p>','A',27,1,0,'nrperez','2017-08-08 11:24:07','2018-03-03 13:44:11',3),(18,'what does a t-test do?','<p>could anyone explain?</p>\r\n\r\n<p>thanks!</p>','A',20,0,0,'nrperez','2017-08-08 11:36:03','2018-01-13 19:17:06',0),(19,'Structure of Yeast','<p>Explain the following:</p>\r\n\r\n<ul>\r\no<li>Structure of yeast</li>\r\no<li>How are they formed</li>\r\no<li>Their roles</li>\r\n</ul>\r\n\r\n<p><strong>Please explain in brief.&nbsp;</strong></p>\r\n\r\n<p><strong>Thanks.</strong>&nbsp;</p>','A',28,0,0,'venky','2017-08-09 05:06:45','2018-01-13 19:17:06',0),(20,'What is the difference between confocal and epi???','<p>I still do not knowwhat&#39;s the difference</p>','A',22,0,0,'nrperez','2017-08-09 14:43:26','2017-08-09 14:43:26',0),(21,'Molecular cell biology deals with?','<p>Can anyone tell me what does molecular cell biology deals with? What are the areas?</p>','A',25,0,0,'venky','2017-08-09 14:54:36','2017-08-10 11:05:00',0),(22,'Cell Migration','<p>How do cells move through microenvironment?</p>','A',16,0,0,'ic','2017-08-10 14:53:07','2018-01-13 19:17:06',0),(23,'How do you sequence RNA?','<p>Not sure how to do it</p>','A',25,0,0,'nrperez','2017-08-12 15:17:56','2018-01-13 19:17:06',0),(24,'Cell question','<p>Demo question on cells</p>','A',25,0,0,'venky','2017-08-12 16:20:45','2018-01-13 19:17:06',0),(25,'cc c c zxc x','<p>zvvzvxcvxcxcxcxcxcxcb cbkllknlklklk ldlknlnlknlnllzcn lkllkmlkmlkmlklklkmmkmkmkmkmkmkmkmkmkmkmkmkmkmkmkmkmkmkmkmkmkmkmkmkmkmkmkmlczdczczczczczczjkjkjkksdlsjcj zlzn jdncmdjfhkuefjnieurhfondscnksdncksjdncksjdncksjndcksjdnckjsdncksjnkjnkjnksdckjnsdcknsdcjknsdckjnsdckjnsdckjnsdckjnsdckjnsdckjnsdkcjnsdcknsdcknsdckjnsdcjkn sdcsdcskjdckjsndkcnksjdncksjdnckjsdnkcjnskdjcnksdjncksjdnckjsndckjnsdkcjnskdjcnksjdncksjdncksjdnckjsndckjsndckjsndckjnsdkjcn</p>','A',16,0,0,'ic','2017-08-13 13:26:40','2018-01-13 19:17:06',0),(26,'How to keep cells from dying in the incubator?','<p>Hi!</p>\r\n\r\n<p>I am growing cells in the incubator in my lab but it seems that they are all dying. Any idea why could this be happening?</p>','A',25,0,0,'nrperez','2017-08-15 12:29:30','2018-01-13 19:19:35',0),(27,'cell adhesion','<p>Can anyone tell me why RPTEC (renal proximal tubule epithelial cells) cells are not sticking to the substrate when I passage or thaw them?&nbsp;</p>\r\n\r\n<p>They take a lot of time to do that. Sometimes a week.&nbsp;</p>','A',27,0,0,'ic','2017-08-19 14:48:08','2018-01-13 19:17:06',0),(28,'Which virus do you use in lab?','<p>I am not sure if this is a standard thing in all labs</p>','A',30,0,0,'nrperez','2017-08-22 23:29:01','2018-01-13 19:17:06',0),(29,'What are quantum dots?','<p>I don&#39;t fully comprehend what quantum dots are. Anyone can explain?</p>','A',24,0,0,'nrperez','2017-08-29 11:44:55','2017-08-29 11:44:55',0),(30,'How can I efficiently separate data points from two overlapping gaussian distributions?','<p>My two distributions are overlapping quite a lot and I don&#39;t know how to decide which point belongs to the left distribution or to the right distribution</p>','A',21,0,0,'nrperez','2017-08-30 22:51:20','2018-01-13 19:17:06',0),(31,'Background subtraction?','<p>Hi guys!</p>\r\n\r\n<p>I am a bit confused on how to properly do background subtraction when I take images with the microscope. Just to clarify, I am using a Zeiss 800 and taking epifluorescent images.</p>\r\n\r\n<p>&nbsp;</p>\r\n\r\n<p>How do you normally do this? Average background from images and then subtract same value for everything?</p>','A',19,0,0,'nrperez','2017-09-03 23:15:09','2018-01-13 19:17:06',0),(32,'material science','<p>What is material science?</p>','A',26,0,0,'venky','2017-09-07 19:17:21','2017-09-07 19:17:21',0),(33,'site testing','<p>check the website performance by doing end to end testing</p>','A',24,0,0,'venky','2017-09-09 20:40:41','2018-01-13 19:17:06',0),(34,'hgj jh jh','<p>hfcjyjytvhgv</p>','A',16,0,0,'ic','2017-09-10 14:58:03','2017-09-10 14:58:03',0),(35,'kjkj k','<p>sdbcjshbvksjhfbvkjbfkvs</p>','A',16,0,0,'ic','2017-09-10 15:00:47','2017-09-13 13:18:25',0),(36,'statistics','<p>What is statistical error?</p>','A',20,1,0,'ic','2017-09-10 18:18:03','2018-03-18 04:03:26',3),(37,'Mobility check','<p>Test question how the UI responds on mobile devices.&nbsp;</p>','A',21,0,0,'N','2017-09-11 02:48:24','2017-09-11 02:48:24',0),(38,'Question load 1','<p>Loading first question</p>','A',20,0,0,'venky','2017-09-11 19:53:19','2017-09-11 19:53:19',0),(39,'Question load 2','<p>Loading second question</p>','A',25,0,0,'venky','2017-09-11 19:53:55','2017-09-11 19:53:55',0),(40,'Question load 3','<p>Loading third question</p>','A',29,0,0,'venky','2017-09-11 19:54:26','2017-09-11 19:54:26',0),(41,'Fluidics','<p>what is fluidics? How do u relate with micro-engineering?</p>','A',23,0,0,'venky','2017-09-12 17:31:00','2018-02-11 03:02:48',3),(42,'are the tags working?','<p>that&#39;s all I want to see haha</p>','A',19,0,0,'nrperez','2017-09-13 13:14:28','2018-01-13 19:17:06',0),(43,'Checking anchor','<p><a id=\"Here\" name=\"Here\"></a>check this.</p>','A',21,0,0,'N','2017-09-17 09:26:46','2017-09-17 09:26:46',0),(44,'what is the canonical ensemble?','<p>I always get confused what does it mean conceptually</p>','A',17,0,0,'nrperez','2017-09-28 13:31:21','2017-09-28 13:31:21',0),(45,'what virus do you recommend for crispr?','<p>I dont know which one is recommended</p>','A',30,0,0,'nrperez','2017-09-28 13:32:35','2017-09-28 13:32:35',0),(46,'how to make better bonding between glass and pdms?','<p>Hey guys,</p>\r\n\r\n<p>I have been having the issue that I plasma bond glass and pdms but it seems to disconnect quite a lot. After a day, I pull the pdms and lots of times it detaches. How can I make it better?</p>','A',23,0,0,'nrperez','2017-09-28 13:36:06','2018-02-10 19:46:04',1),(47,'How do you fix samples at different time points?','<p>I tried two &quot;times&quot; of treatment for my drug of interest... but when I fixed for the first one, the PFA seems to have killed everything. How do you go about this problem?</p>','A',25,0,0,'nrperez','2017-09-30 16:34:02','2017-09-30 16:34:02',0),(48,'best technique to segment an object in an image?','<p>I am programming in MATLAB but I do not know which one is the best approach</p>','A',19,0,0,'nrperez','2017-09-30 16:56:00','2017-09-30 16:56:00',0),(49,'Who has my rubber duck?','<p>Anyone know?&nbsp;</p>','A',17,0,0,'Nash','2017-10-01 22:45:44','2017-10-01 22:45:44',0),(50,'protein models with rigid body?','<p>I need to make a rigid body model of a protein... no thermodynamics involved. Any suggestion on how to do it?</p>','A',15,0,0,'nrperez','2017-10-15 00:13:31','2017-10-15 00:13:31',0),(51,'asdf','<p>w4eg</p>','A',22,0,0,'sp','2017-11-09 15:44:59','2017-11-09 15:44:59',0),(52,'adhesion','<p>How can I make my yeast cells immobile. ?</p>','A',28,0,0,'ic','2017-11-23 03:10:11','2018-01-13 19:17:06',0),(53,'how to analyze phase contrast images?','<p>I am taking phase contrast images in a confocal microscope but I do not know how to efficiently crop the cell... do you have any recommendation?</p>','A',19,0,0,'nrperez','2017-12-08 14:37:45','2017-12-08 14:37:45',0),(54,'shRNA?','<p>Does anyone have a protocol that you could recommend me?</p>','A',27,0,0,'nrperez','2017-12-08 14:38:28','2017-12-08 14:38:28',0),(55,'how do you include pMLC in a model?','<p>Any suggestions?</p>\r\n\r\n<p>&nbsp;</p>','A',16,0,0,'nrperez','2017-12-08 14:39:03','2017-12-08 14:39:03',0),(56,'czvzvz','<p>zxjhcbjzhc zhbcjzhbc zjhxbcjzhbcjz jzhxbcjzhxbcjz jzxhbcjzhxcbjz zjxhcbzjxhcbzjxh jhzbxcjhzbxjc jzxbcjzhxbcjz zjxhcjzhxbcjz zjxhcbjzxhbcjzxhcb&nbsp;zxjhcbjzhc zhbcjzhbc zjhxbcjzhbcjz jzhxbcjzhxbcjz jzxhbcjzhxcbjz zjxhcbzjxhcbzjxh jhzbxcjhzbxjc jzxbcjzhxbcjz zjxhcjzhxbcjz zjxhcbjzxhbcjzxhcb&nbsp;zxjhcbjzhc zhbcjzhbc zjhxbcjzhbcjz jzhxbcjzhxbcjz jzxhbcjzhxcbjz zjxhcbzjxhcbzjxh jhzbxcjhzbxjc jzxbcjzhxbcjz zjxhcjzhxbcjz zjxhcbjzxhbcjzxhcb&nbsp;zxjhcbjzhc zhbcjzhbc zjhxbcjzhbcjz jzhxbcjzhxbcjz jzxhbcjzhxcbjz zjxhcbzjxhcbzjxh jhzbxcjhzbxjc jzxbcjzhxbcjz zjxhcjzhxbcjz zjxhcbjzxhbcjzxhcb&nbsp;</p>','A',23,0,0,'ic','2017-12-10 16:10:21','2017-12-10 16:10:21',0),(57,'czvzvz','<p>zxjhcbjzhc zhbcjzhbc zjhxbcjzhbcjz jzhxbcjzhxbcjz jzxhbcjzhxcbjz zjxhcbzjxhcbzjxh jhzbxcjhzbxjc jzxbcjzhxbcjz zjxhcjzhxbcjz zjxhcbjzxhbcjzxhcb&nbsp;</p>','A',20,0,0,'ic','2017-12-10 16:11:00','2017-12-10 16:11:00',0),(58,'What type of media would you use with MDA cells?','<p>I am currently using DMEM + 10%FBS from ATCC nad 1% p/s, is that alright?</p>','A',27,0,0,'nrperez','2017-12-12 02:01:34','2017-12-12 02:01:34',0),(59,'How would you proceed with shRNA experiments?','<p>I tried a protocol but it did not work out. How would you do it?</p>','A',27,0,0,'nrperez','2017-12-16 21:39:37','2017-12-16 21:39:37',0),(60,'How far is the cell mechanics covered','<p>Mechanics of cell deas with cell mechanism. Lol. Pretty cool huh. What far is it covered. Wel, I don&#39;t know what I am sking though.&nbsp;</p>','A',16,0,0,'venky','2018-01-14 12:55:22','2018-02-11 07:02:04',1),(61,'science image','<p><img alt=\"science\" src=\"http://uploads.webflow.com/58916413e27db5da0c0bbc8a/58accc8374431e592abba1b3_Logo_nobckgwww.png\" style=\"border-style:solid; border-width:1px; height:242px; width:866px\" /></p>\r\n\r\n<p>Hi,</p>\r\n\r\n<p>Please check this image.</p>\r\n\r\n<p>Thanks,</p>\r\n\r\n<p>Venky</p>','A',16,0,0,'venky','2018-01-21 14:24:33','2018-02-11 13:37:52',1),(62,'check for image','<p>Lets see how the image scales up in this text area.</p>\r\n\r\n<p><img alt=\"science\" src=\"http://s2.thingpic.com/images/QR/32yp7zMfPjuQ5S61be1mLxVd.png\" style=\"height:114px; width:200px\" /></p>','A',19,0,0,'venky','2018-01-21 14:26:26','2018-01-21 14:26:26',0),(63,'equation tester','<p><img alt=\"100 * sum_{k=0}^{n}\" src=\"http://latex.codecogs.com/gif.latex?100%20*%20%5Csum_%7Bk%3D0%7D%5E%7Bn%7D\" /></p>\r\n\r\n<p>What is the value of this equation ?</p>','A',16,0,0,'venky','2018-01-22 07:53:02','2018-01-22 07:53:02',0),(64,'equation testing','<p><img alt=\"large mathit{iint_{x}^{y} 1234} + mathit{iint_{x}^{y} 1234} + mathit{iint_{x}^{y} 1234} + mathit{iint_{x}^{y} 1234} + mathit{iint_{x}^{y} 1234}\" src=\"http://latex.codecogs.com/gif.latex?%5Cbg_white%20%5Cfn_cm%20%5Clarge%20%5Cmathit%7B%5Ciint_%7Bx%7D%5E%7By%7D%201234%7D%20&amp;plus;%20%5Cmathit%7B%5Ciint_%7Bx%7D%5E%7By%7D%201234%7D%20&amp;plus;%20%5Cmathit%7B%5Ciint_%7Bx%7D%5E%7By%7D%201234%7D%20&amp;plus;%20%5Cmathit%7B%5Ciint_%7Bx%7D%5E%7By%7D%201234%7D%20&amp;plus;%20%5Cmathit%7B%5Ciint_%7Bx%7D%5E%7By%7D%201234%7D\" /></p>','A',17,0,0,'venky','2018-01-22 18:26:16','2018-02-11 16:05:49',10),(65,'image testing','<p><img alt=\"\" src=\"https://www.google.com/search?biw=1536&amp;bih=759&amp;tbm=isch&amp;sa=1&amp;ei=1UOAWuOlHY2k_Qaz_KuADg&amp;q=circles+in+line&amp;oq=circles+in+line&amp;gs_l=psy-ab.3..0i8i30k1.7017.16531.0.16691.28.24.2.2.2.0.78.1463.24.24.0....0...1c.1.64.psy-ab..0.28.1490...0j0i67k1.0.IIs78_6eKgE#imgrc=Ww-y8ff1ohK9GM:\" style=\"border-style:solid; border-width:1px; float:left; height:100px; margin:3px 1px; width:100px\" /></p>\r\n\r\n<p>&nbsp;</p>\r\n\r\n<p>&nbsp;</p>\r\n\r\n<p>&nbsp;</p>\r\n\r\n<p>test it.&nbsp;</p>','A',15,0,0,'ic','2018-02-11 13:39:58','2018-02-11 13:39:58',0),(66,'cell structure','<p>explain the structure of cells.</p>','A',16,0,0,'john12345','2018-02-11 15:53:02','2018-02-11 15:53:02',0),(67,'What is logistical regression?','<p>Okay can someone explain logistical regression in a simple way here?&nbsp;</p>\r\n\r\n<table border=\"1\" cellpadding=\"1\" cellspacing=\"1\" style=\"width:500px\">\r\n	<caption>Data</caption>\r\n	<tbody>\r\n		<tr>\r\n			<td>Test</td>\r\n			<td>300</td>\r\n		</tr>\r\n		<tr>\r\n			<td>test 2</td>\r\n			<td>500</td>\r\n		</tr>\r\n		<tr>\r\n			<td>test 0</td>\r\n			<td>10</td>\r\n		</tr>\r\n	</tbody>\r\n</table>\r\n\r\n<p>&nbsp;</p>','A',21,0,0,'bala','2018-02-12 18:46:38','2018-02-12 18:46:45',1),(68,'database design','<p><img src=\"https://i.imgur.com/N5T59TV.jpg\" /></p>\r\n\r\n<p>&nbsp;</p>\r\n\r\n<p>This is a class structure. what do u say ?</p>','A',20,0,0,'venky','2018-03-03 18:29:33','2018-03-03 18:29:33',0),(69,'image','<p><img src=\"https://i.imgur.com/s4mB7wi.png\" />jdfdfhdbfdfbdbfd</p>\r\n\r\n<p>djfndjfdfbd&nbsp;</p>\r\n\r\n<p>jdnfjdnd</p>\r\n\r\n<p>jfdnjfd n df</p>\r\n\r\n<p>&nbsp;</p>\r\n\r\n<p>mdfdf</p>\r\n\r\n<p>&nbsp;</p>','A',20,0,0,'venky','2018-03-04 15:14:13','2018-03-04 15:14:13',0);
/*!40000 ALTER TABLE `questions` ENABLE KEYS */;
UNLOCK TABLES;

--
-- Table structure for table `tags`
--

DROP TABLE IF EXISTS `tags`;
/*!40101 SET @saved_cs_client     = @@character_set_client */;
/*!40101 SET character_set_client = utf8 */;
CREATE TABLE `tags` (
  `tag_id` int(11) NOT NULL AUTO_INCREMENT,
  `tag_name` varchar(50) NOT NULL,
  `created_by` varchar(50) NOT NULL,
  `created_ts` timestamp NOT NULL DEFAULT CURRENT_TIMESTAMP,
  `last_updt_ts` timestamp NOT NULL DEFAULT CURRENT_TIMESTAMP ON UPDATE CURRENT_TIMESTAMP,
  PRIMARY KEY (`tag_id`),
  UNIQUE KEY `tag_unique` (`tag_name`),
  KEY `fk_tags_userid` (`created_by`),
  CONSTRAINT `fk_tags_userid` FOREIGN KEY (`created_by`) REFERENCES `users` (`user_id`) ON UPDATE CASCADE
) ENGINE=InnoDB AUTO_INCREMENT=197 DEFAULT CHARSET=latin1;
/*!40101 SET character_set_client = @saved_cs_client */;

--
-- Dumping data for table `tags`
--

LOCK TABLES `tags` WRITE;
/*!40000 ALTER TABLE `tags` DISABLE KEYS */;
INSERT INTO `tags` VALUES (1,'cell','N','2017-07-23 07:11:29','0000-00-00 00:00:00'),(2,'nucleus','N','2017-07-23 07:11:29','0000-00-00 00:00:00'),(3,'molecules','N','2017-07-23 07:11:29','0000-00-00 00:00:00'),(4,'#fantasyland','TrialNash','2017-07-23 14:58:37','0000-00-00 00:00:00'),(5,'23tf','TrialNash','2017-07-23 15:00:06','0000-00-00 00:00:00'),(6,'A1','N','2017-07-23 15:13:25','0000-00-00 00:00:00'),(7,'A2','N','2017-07-23 15:13:25','0000-00-00 00:00:00'),(8,'Stats','N','2017-07-25 18:23:36','0000-00-00 00:00:00'),(9,'Mechs','N','2017-07-25 18:23:36','0000-00-00 00:00:00'),(10,'Scince','N','2017-07-25 18:23:36','0000-00-00 00:00:00'),(14,'cancer','N','2017-07-25 18:54:32','0000-00-00 00:00:00'),(15,'nano','N','2017-07-25 18:54:32','0000-00-00 00:00:00'),(16,'Machine','venky','2017-07-27 18:42:43','2017-10-15 19:06:18'),(17,'Learning','venky','2017-07-27 18:42:43','2017-10-15 19:06:18'),(18,'EARTH','Cha0s','2017-07-29 10:56:17','0000-00-00 00:00:00'),(19,'ASTRONOMY','Cha0s','2017-07-29 10:56:17','0000-00-00 00:00:00'),(20,'NASA','Cha0s','2017-07-29 10:56:17','0000-00-00 00:00:00'),(21,'generation','Cha0s','2017-07-29 11:00:25','0000-00-00 00:00:00'),(22,'artificial','Cha0s','2017-07-29 11:00:25','0000-00-00 00:00:00'),(23,'sports','N','2017-07-30 14:32:18','0000-00-00 00:00:00'),(24,'gaming','N','2017-07-30 14:32:18','0000-00-00 00:00:00'),(25,'coding','N','2017-07-30 14:32:18','0000-00-00 00:00:00'),(30,'game-ai','N','2017-07-30 14:34:14','0000-00-00 00:00:00'),(32,'qwcwetbsegw345bweb','Nash','2017-07-30 14:45:32','0000-00-00 00:00:00'),(33,'q3rg134gwerg2','Nash','2017-07-30 14:46:06','0000-00-00 00:00:00'),(34,'cqweg1345gerb','Nash','2017-07-30 14:48:57','0000-00-00 00:00:00'),(35,'efg134gwr','Nash','2017-07-30 14:49:53','0000-00-00 00:00:00'),(36,'lala','nrperez','2017-08-06 14:13:33','0000-00-00 00:00:00'),(37,'tag1','venky','2017-08-06 17:18:21','0000-00-00 00:00:00'),(38,'tag2','venky','2017-08-06 17:18:21','0000-00-00 00:00:00'),(39,'cells','venky','2017-08-06 18:07:34','0000-00-00 00:00:00'),(40,'atoms','venky','2017-08-06 18:07:34','0000-00-00 00:00:00'),(41,'culture','nrperez','2017-08-08 11:24:07','0000-00-00 00:00:00'),(42,'physics','nrperez','2017-08-08 11:25:23','0000-00-00 00:00:00'),(43,'t-test','nrperez','2017-08-08 11:36:03','0000-00-00 00:00:00'),(44,'yeast','venky','2017-08-09 05:06:45','0000-00-00 00:00:00'),(45,'structure','venky','2017-08-09 05:06:45','0000-00-00 00:00:00'),(46,'confocal','nrperez','2017-08-09 14:43:26','0000-00-00 00:00:00'),(47,'biology','venky','2017-08-09 14:54:36','0000-00-00 00:00:00'),(48,'biophysics','nrperez','2017-08-09 21:46:19','0000-00-00 00:00:00'),(49,'migration','ic','2017-08-10 14:53:07','0000-00-00 00:00:00'),(50,'mechanics','ic','2017-08-10 14:53:07','0000-00-00 00:00:00'),(51,'q2','venky','2017-08-10 15:04:24','0000-00-00 00:00:00'),(52,'q3','venky','2017-08-10 15:04:24','0000-00-00 00:00:00'),(53,'why','Nash','2017-08-12 01:40:38','0000-00-00 00:00:00'),(54,'how','Nash','2017-08-12 01:40:38','0000-00-00 00:00:00'),(55,'who','Nash','2017-08-12 01:40:38','0000-00-00 00:00:00'),(56,'what','Nash','2017-08-12 01:40:38','0000-00-00 00:00:00'),(57,'rna','nrperez','2017-08-12 15:17:56','0000-00-00 00:00:00'),(58,'test','ic','2017-08-13 13:26:40','0000-00-00 00:00:00'),(59,'incubator','nrperez','2017-08-15 12:29:30','0000-00-00 00:00:00'),(60,'death','nrperez','2017-08-15 12:29:30','0000-00-00 00:00:00'),(61,'RPTEC','ic','2017-08-19 14:48:08','0000-00-00 00:00:00'),(62,'adhesion','ic','2017-08-19 14:48:08','0000-00-00 00:00:00'),(63,'micro','ic','2017-08-20 14:55:51','0000-00-00 00:00:00'),(64,'love','Nash','2017-08-20 17:35:51','0000-00-00 00:00:00'),(65,'Sunglasses','Nash','2017-08-20 17:38:22','0000-00-00 00:00:00'),(66,'Rubber','Nash','2017-08-20 17:38:28','0000-00-00 00:00:00'),(67,'Ducks','Nash','2017-08-20 17:38:28','0000-00-00 00:00:00'),(68,'Pools','Nash','2017-08-20 17:38:32','0000-00-00 00:00:00'),(69,'travel','venky','2017-08-21 05:08:56','0000-00-00 00:00:00'),(70,'artificial-intelligence','venky','2017-08-22 18:10:39','0000-00-00 00:00:00'),(71,'botany','venky','2017-08-22 18:10:39','0000-00-00 00:00:00'),(72,'virus','nrperez','2017-08-22 23:29:01','0000-00-00 00:00:00'),(73,'lab','nrperez','2017-08-22 23:29:01','0000-00-00 00:00:00'),(74,'quantum','nrperez','2017-08-29 11:44:55','0000-00-00 00:00:00'),(75,'dots','nrperez','2017-08-29 11:44:55','0000-00-00 00:00:00'),(76,'gaussian','nrperez','2017-08-30 22:51:20','0000-00-00 00:00:00'),(77,'distributions','nrperez','2017-08-30 22:51:20','0000-00-00 00:00:00'),(78,'background','nrperez','2017-09-03 23:15:09','0000-00-00 00:00:00'),(79,'subtraction','nrperez','2017-09-03 23:15:09','0000-00-00 00:00:00'),(80,'material','venky','2017-09-07 19:17:21','0000-00-00 00:00:00'),(81,'science','venky','2017-09-07 19:17:21','0000-00-00 00:00:00'),(82,'Entertainment','Shovna92','2017-09-09 06:51:23','0000-00-00 00:00:00'),(83,'performance','venky','2017-09-09 20:40:41','0000-00-00 00:00:00'),(84,'website','venky','2017-09-09 20:40:41','0000-00-00 00:00:00'),(85,'cell_mechanics','ic','2017-09-10 15:00:47','0000-00-00 00:00:00'),(86,'I-am-happy','ic','2017-09-10 15:00:47','0000-00-00 00:00:00'),(87,'stiffness','nrperez','2017-09-10 16:54:14','0000-00-00 00:00:00'),(88,'gel','nrperez','2017-09-10 16:54:14','0000-00-00 00:00:00'),(89,'fsd','nrperez','2017-09-10 16:54:35','0000-00-00 00:00:00'),(90,'statistical-error','ic','2017-09-10 18:18:03','0000-00-00 00:00:00'),(91,'standard-deviation','ic','2017-09-10 18:18:03','0000-00-00 00:00:00'),(92,'mobile-ui','N','2017-09-11 02:48:24','0000-00-00 00:00:00'),(93,'responsive','N','2017-09-11 02:48:24','0000-00-00 00:00:00'),(94,'java','N','2017-09-11 02:51:27','0000-00-00 00:00:00'),(95,'algorithms','N','2017-09-11 02:51:27','0000-00-00 00:00:00'),(96,'Data','N','2017-09-11 02:51:27','0000-00-00 00:00:00'),(97,'Load-1','venky','2017-09-11 19:52:42','0000-00-00 00:00:00'),(98,'load1','venky','2017-09-11 19:53:19','0000-00-00 00:00:00'),(99,'Load-2','venky','2017-09-11 19:53:55','0000-00-00 00:00:00'),(100,'Load-3','venky','2017-09-11 19:54:26','0000-00-00 00:00:00'),(101,'fluidics','venky','2017-09-12 17:31:00','0000-00-00 00:00:00'),(102,'micro-engineering','venky','2017-09-12 17:31:00','0000-00-00 00:00:00'),(103,'tag-working','nrperez','2017-09-13 13:14:28','0000-00-00 00:00:00'),(104,'Anchor','N','2017-09-17 09:26:46','0000-00-00 00:00:00'),(105,'statistical-mechanics','nrperez','2017-09-28 13:31:21','0000-00-00 00:00:00'),(106,'crispr','nrperez','2017-09-28 13:32:35','0000-00-00 00:00:00'),(107,'plasma-bonding','nrperez','2017-09-28 13:36:06','0000-00-00 00:00:00'),(108,'microdevice','nrperez','2017-09-28 13:36:06','0000-00-00 00:00:00'),(109,'immunofluorescence','nrperez','2017-09-30 16:34:02','0000-00-00 00:00:00'),(110,'image','nrperez','2017-09-30 16:56:00','0000-00-00 00:00:00'),(111,'processing','nrperez','2017-09-30 16:56:00','0000-00-00 00:00:00'),(112,'segmentation','nrperez','2017-09-30 16:56:00','0000-00-00 00:00:00'),(113,'object','nrperez','2017-09-30 16:56:00','0000-00-00 00:00:00'),(114,'Duck','Nash','2017-10-01 22:45:44','0000-00-00 00:00:00'),(115,'protein-model','nrperez','2017-10-15 00:13:31','0000-00-00 00:00:00'),(116,'rigid-body','nrperez','2017-10-15 00:13:31','0000-00-00 00:00:00'),(117,'potato','ic','2017-10-29 14:55:35','0000-00-00 00:00:00'),(118,'tomato','ic','2017-10-29 14:55:43','0000-00-00 00:00:00'),(119,'ef','sp','2017-11-09 15:44:59','0000-00-00 00:00:00'),(120,'aef','sp','2017-11-09 15:44:59','0000-00-00 00:00:00'),(121,'af','sp','2017-11-09 15:44:59','0000-00-00 00:00:00'),(122,'e','sp','2017-11-09 15:44:59','0000-00-00 00:00:00'),(123,'shRNA','nrperez','2017-12-08 14:38:28','0000-00-00 00:00:00'),(124,'knockdown','nrperez','2017-12-08 14:38:28','0000-00-00 00:00:00'),(125,'myosin','nrperez','2017-12-08 14:39:03','0000-00-00 00:00:00'),(126,'model','nrperez','2017-12-08 14:39:03','0000-00-00 00:00:00'),(127,'funny','ic','2017-12-10 16:05:10','0000-00-00 00:00:00'),(128,'xdhvjxhdv','ic','2017-12-10 16:05:21','0000-00-00 00:00:00'),(129,'sdicbki','ic','2017-12-10 16:09:53','0000-00-00 00:00:00'),(130,'zxczx','ic','2017-12-10 16:10:21','0000-00-00 00:00:00'),(131,'dcs','ic','2017-12-10 16:11:00','0000-00-00 00:00:00'),(132,'anova','nrperez','2017-12-10 22:56:59','0000-00-00 00:00:00'),(133,'statistics','nrperez','2017-12-10 22:56:59','0000-00-00 00:00:00'),(134,'media','nrperez','2017-12-12 02:01:34','0000-00-00 00:00:00'),(135,'aneuploidy','admin','2017-12-18 14:52:04','0000-00-00 00:00:00'),(136,'bayesian-statistics','admin','2017-12-18 14:52:04','0000-00-00 00:00:00'),(137,'biomechanics','admin','2017-12-18 14:52:04','0000-00-00 00:00:00'),(138,'cell-mechanics','admin','2017-12-18 14:52:04','0000-00-00 00:00:00'),(139,'cell-wall','admin','2017-12-18 14:52:04','0000-00-00 00:00:00'),(140,'chi-square-test','admin','2017-12-18 14:52:04','0000-00-00 00:00:00'),(141,'cluster-analysis','admin','2017-12-18 14:52:04','0000-00-00 00:00:00'),(142,'cytoskeleton','admin','2017-12-18 14:52:04','0000-00-00 00:00:00'),(143,'decision-tree','admin','2017-12-18 14:52:04','0000-00-00 00:00:00'),(144,'dimensionality-reduction-algorithms','admin','2017-12-18 14:52:04','0000-00-00 00:00:00'),(145,'dna','admin','2017-12-18 14:52:04','0000-00-00 00:00:00'),(146,'e-coli','admin','2017-12-18 14:52:04','0000-00-00 00:00:00'),(147,'electrospinning','admin','2017-12-18 14:52:04','0000-00-00 00:00:00'),(148,'entropy','admin','2017-12-18 14:52:04','0000-00-00 00:00:00'),(149,'epifluorescence','admin','2017-12-18 14:52:04','0000-00-00 00:00:00'),(150,'equilibrium','admin','2017-12-18 14:52:04','0000-00-00 00:00:00'),(151,'filtering','admin','2017-12-18 14:52:04','0000-00-00 00:00:00'),(152,'finite-element-model','admin','2017-12-18 14:52:04','0000-00-00 00:00:00'),(153,'fix-and-stain','admin','2017-12-18 14:52:04','0000-00-00 00:00:00'),(154,'fluid-mechanics','admin','2017-12-18 14:52:04','0000-00-00 00:00:00'),(155,'genetics','admin','2017-12-18 14:52:04','0000-00-00 00:00:00'),(156,'hydrogels','admin','2017-12-18 14:52:04','0000-00-00 00:00:00'),(157,'k-means','admin','2017-12-18 14:52:04','0000-00-00 00:00:00'),(158,'lab-on-a-chip','admin','2017-12-18 14:52:04','0000-00-00 00:00:00'),(159,'linear-regression','admin','2017-12-18 14:52:04','0000-00-00 00:00:00'),(160,'lithography','admin','2017-12-18 14:52:04','0000-00-00 00:00:00'),(161,'mammalian-cells','admin','2017-12-18 14:52:04','0000-00-00 00:00:00'),(162,'microfabication','admin','2017-12-18 14:52:04','0000-00-00 00:00:00'),(163,'microfluidics','admin','2017-12-18 14:52:04','0000-00-00 00:00:00'),(164,'modelling','admin','2017-12-18 14:52:04','0000-00-00 00:00:00'),(165,'morphological-image-processing','admin','2017-12-18 14:52:04','0000-00-00 00:00:00'),(166,'naive-bayes','admin','2017-12-18 14:52:04','0000-00-00 00:00:00'),(167,'nanofibers','admin','2017-12-18 14:52:04','0000-00-00 00:00:00'),(168,'nanoparticles','admin','2017-12-18 14:52:04','0000-00-00 00:00:00'),(169,'patch-clamp','admin','2017-12-18 14:52:04','0000-00-00 00:00:00'),(170,'pdms','admin','2017-12-18 14:52:04','0000-00-00 00:00:00'),(171,'phase-contrast','admin','2017-12-18 14:52:04','0000-00-00 00:00:00'),(172,'plasma-treatment','admin','2017-12-18 14:52:04','0000-00-00 00:00:00'),(173,'polymers','admin','2017-12-18 14:52:04','0000-00-00 00:00:00'),(174,'random-forest','admin','2017-12-18 14:52:04','0000-00-00 00:00:00'),(175,'rna-seq','admin','2017-12-18 14:52:04','0000-00-00 00:00:00'),(176,'soft-matter','admin','2017-12-18 14:52:04','0000-00-00 00:00:00'),(177,'solid-mechanics','admin','2017-12-18 14:52:04','0000-00-00 00:00:00'),(178,'spin-coating','admin','2017-12-18 14:52:04','0000-00-00 00:00:00'),(179,'super-resolution','admin','2017-12-18 14:52:04','0000-00-00 00:00:00'),(180,'surface-functionalization','admin','2017-12-18 14:52:04','0000-00-00 00:00:00'),(181,'svm','admin','2017-12-18 14:52:04','0000-00-00 00:00:00'),(182,'thermodynamics','admin','2017-12-18 14:52:04','0000-00-00 00:00:00'),(183,'miles','venky','2017-12-25 15:20:33','2017-12-25 15:20:33'),(184,'dynamic-programming','venky','2018-01-14 12:55:22','2018-01-14 12:55:22'),(185,'cell-morphology','venky','2018-01-14 12:55:22','2018-01-14 12:55:22'),(186,'overlapping-substr','venky','2018-01-14 12:55:22','2018-01-14 12:55:22'),(187,'optimal-problem','venky','2018-01-14 12:55:22','2018-01-14 12:55:22'),(188,'dynamic programming','venky','2018-01-14 12:56:32','2018-01-14 12:56:32'),(189,'img-logo','venky','2018-01-21 14:26:26','2018-01-21 14:26:26'),(190,'equation','venky','2018-01-22 07:53:02','2018-01-22 07:53:02'),(191,'maths','venky','2018-01-22 07:53:02','2018-01-22 07:53:02'),(192,'equations','venky','2018-01-22 07:58:32','2018-01-22 07:58:32'),(193,'image-test','ic','2018-02-11 13:39:58','2018-02-11 13:39:58'),(194,'Machine-learning.','bala','2018-02-12 18:46:38','2018-02-12 18:46:38'),(195,'class','venky','2018-03-03 18:29:33','2018-03-03 18:29:33'),(196,'database','venky','2018-03-03 18:29:33','2018-03-03 18:29:33');
/*!40000 ALTER TABLE `tags` ENABLE KEYS */;
UNLOCK TABLES;

--
-- Table structure for table `topic_keys`
--

DROP TABLE IF EXISTS `topic_keys`;
/*!40101 SET @saved_cs_client     = @@character_set_client */;
/*!40101 SET character_set_client = utf8 */;
CREATE TABLE `topic_keys` (
  `key_id` int(11) NOT NULL AUTO_INCREMENT,
  `key_desc` varchar(500) NOT NULL,
  `parent_topic` int(11) NOT NULL,
  `created_ts` timestamp NOT NULL DEFAULT CURRENT_TIMESTAMP,
  `last_updt_ts` timestamp NOT NULL DEFAULT CURRENT_TIMESTAMP ON UPDATE CURRENT_TIMESTAMP,
  PRIMARY KEY (`key_id`),
  UNIQUE KEY `idx_key_desc` (`key_desc`),
  KEY `fk_topicKeys` (`parent_topic`),
  CONSTRAINT `fk_topicKeys` FOREIGN KEY (`parent_topic`) REFERENCES `topics` (`topic_id`) ON UPDATE CASCADE
) ENGINE=InnoDB AUTO_INCREMENT=58 DEFAULT CHARSET=latin1;
/*!40101 SET character_set_client = @saved_cs_client */;

--
-- Dumping data for table `topic_keys`
--

LOCK TABLES `topic_keys` WRITE;
/*!40000 ALTER TABLE `topic_keys` DISABLE KEYS */;
INSERT INTO `topic_keys` VALUES (1,'modelling',15,'2017-12-18 14:41:57','2017-12-18 14:41:57'),(2,'rna',15,'2017-12-18 14:41:57','2017-12-18 14:41:57'),(3,'cell-mechanics',16,'2017-12-18 14:41:57','2017-12-18 14:41:57'),(4,'biomechanics',16,'2017-12-18 14:41:57','2017-12-18 14:41:57'),(5,'adhesion',16,'2017-12-18 14:41:57','2017-12-18 14:41:57'),(6,'finite-element-model',16,'2017-12-18 14:41:57','2017-12-18 14:41:57'),(7,'entropy',17,'2017-12-18 14:41:57','2017-12-18 14:41:57'),(8,'thermodynamics',17,'2017-12-18 14:41:57','2017-12-18 14:41:57'),(9,'equilibrium',17,'2017-12-18 14:41:57','2017-12-18 14:41:57'),(10,'fluid-mechanics',18,'2017-12-18 14:41:57','2017-12-18 14:41:57'),(11,'solid-mechanics',18,'2017-12-18 14:41:57','2017-12-18 14:41:57'),(12,'segmentation',19,'2017-12-18 14:41:57','2017-12-18 14:41:57'),(13,'filtering',19,'2017-12-18 14:41:57','2017-12-18 14:41:57'),(14,'morphological-image-processing',19,'2017-12-18 14:41:57','2017-12-18 14:41:57'),(15,'t-test',20,'2017-12-18 14:41:57','2017-12-18 14:41:57'),(16,'chi-square-test',20,'2017-12-18 14:41:57','2017-12-18 14:41:57'),(17,'anova',20,'2017-12-18 14:41:57','2017-12-18 14:41:57'),(18,'cluster-analysis',20,'2017-12-18 14:41:57','2017-12-18 14:41:57'),(19,'bayesian-statistics',21,'2017-12-18 14:41:57','2017-12-18 14:41:57'),(20,'linear-regression',21,'2017-12-18 14:41:57','2017-12-18 14:41:57'),(21,'decision-tree',21,'2017-12-18 14:41:57','2017-12-18 14:41:57'),(22,'svm',21,'2017-12-18 14:41:57','2017-12-18 14:41:57'),(23,'naive-bayes',21,'2017-12-18 14:41:57','2017-12-18 14:41:57'),(24,'k-means',21,'2017-12-18 14:41:57','2017-12-18 14:41:57'),(25,'random-forest',21,'2017-12-18 14:41:57','2017-12-18 14:41:57'),(26,'dimensionality-reduction-algorithms',21,'2017-12-18 14:41:57','2017-12-18 14:41:57'),(27,'epifluorescence',22,'2017-12-18 14:42:11','2017-12-18 14:42:11'),(28,'confocal',22,'2017-12-18 14:42:11','2017-12-18 14:42:11'),(29,'phase-contrast',22,'2017-12-18 14:42:11','2017-12-18 14:42:11'),(30,'super-resolution',22,'2017-12-18 14:42:11','2017-12-18 14:42:11'),(31,'fix-and-stain',22,'2017-12-18 14:42:11','2017-12-18 14:42:11'),(32,'pdms',23,'2017-12-18 14:42:11','2017-12-18 14:42:11'),(33,'lithography',23,'2017-12-18 14:42:11','2017-12-18 14:42:11'),(34,'microfabication',23,'2017-12-18 14:42:11','2017-12-18 14:42:11'),(35,'lab-on-a-chip',23,'2017-12-18 14:42:11','2017-12-18 14:42:11'),(36,'microfluidics',23,'2017-12-18 14:42:11','2017-12-18 14:42:11'),(37,'spin-coating',23,'2017-12-18 14:42:11','2017-12-18 14:42:11'),(38,'plasma-treatment',23,'2017-12-18 14:42:11','2017-12-18 14:42:11'),(39,'electrospinning',23,'2017-12-18 14:42:11','2017-12-18 14:42:11'),(40,'patch-clamp',23,'2017-12-18 14:42:11','2017-12-18 14:42:11'),(41,'nanoparticles',24,'2017-12-18 14:42:11','2017-12-18 14:42:11'),(42,'surface-functionalization',24,'2017-12-18 14:42:11','2017-12-18 14:42:11'),(43,'nanofibers',24,'2017-12-18 14:42:11','2017-12-18 14:42:11'),(44,'rna-seq',25,'2017-12-18 14:42:11','2017-12-18 14:42:11'),(45,'dna',25,'2017-12-18 14:42:11','2017-12-18 14:42:11'),(46,'genetics',25,'2017-12-18 14:42:11','2017-12-18 14:42:11'),(47,'polymers',26,'2017-12-18 14:42:11','2017-12-18 14:42:11'),(48,'soft-matter',26,'2017-12-18 14:42:11','2017-12-18 14:42:11'),(49,'hydrogels',26,'2017-12-18 14:42:11','2017-12-18 14:42:11'),(50,'cells',27,'2017-12-18 14:42:11','2017-12-18 14:42:11'),(51,'mammalian-cells',27,'2017-12-18 14:42:11','2017-12-18 14:42:11'),(52,'nucleus',27,'2017-12-18 14:42:11','2017-12-18 14:42:11'),(53,'cytoskeleton',27,'2017-12-18 14:42:11','2017-12-18 14:42:11'),(54,'yeast',28,'2017-12-18 14:42:11','2017-12-18 14:42:11'),(55,'cell-wall',28,'2017-12-18 14:42:11','2017-12-18 14:42:11'),(56,'aneuploidy',28,'2017-12-18 14:42:11','2017-12-18 14:42:11'),(57,'e-coli',29,'2017-12-18 14:42:11','2017-12-18 14:42:11');
/*!40000 ALTER TABLE `topic_keys` ENABLE KEYS */;
UNLOCK TABLES;

--
-- Table structure for table `topics`
--

DROP TABLE IF EXISTS `topics`;
/*!40101 SET @saved_cs_client     = @@character_set_client */;
/*!40101 SET character_set_client = utf8 */;
CREATE TABLE `topics` (
  `topic_id` int(5) NOT NULL AUTO_INCREMENT,
  `topic_code` char(50) NOT NULL,
  `topic_desc` varchar(500) NOT NULL,
  `parent_topic` int(11) NOT NULL,
  `created_ts` timestamp NOT NULL DEFAULT CURRENT_TIMESTAMP,
  `last_updt_ts` timestamp NOT NULL DEFAULT CURRENT_TIMESTAMP ON UPDATE CURRENT_TIMESTAMP,
  PRIMARY KEY (`topic_id`)
) ENGINE=InnoDB AUTO_INCREMENT=31 DEFAULT CHARSET=latin1;
/*!40101 SET character_set_client = @saved_cs_client */;

--
-- Dumping data for table `topics`
--

LOCK TABLES `topics` WRITE;
/*!40000 ALTER TABLE `topics` DISABLE KEYS */;
INSERT INTO `topics` VALUES (7,'T','Theory',0,'2017-07-02 05:58:17','0000-00-00 00:00:00'),(8,'D','Data Analysis',0,'2017-07-02 05:58:17','0000-00-00 00:00:00'),(9,'E','Experiment',0,'2017-07-02 05:58:17','0000-00-00 00:00:00'),(10,'C','Cell Culture',0,'2017-07-02 05:58:17','0000-00-00 00:00:00'),(15,'MM','Molecular Models',7,'2017-07-02 06:07:29','0000-00-00 00:00:00'),(16,'CM','Cell Mechanics',7,'2017-07-02 06:07:29','0000-00-00 00:00:00'),(17,'SMS','Statistical Mechanics & Systems Biology',7,'2017-07-02 06:07:29','0000-00-00 00:00:00'),(18,'FSM','Fluid & Solid Mechanics',7,'2017-07-02 06:07:29','0000-00-00 00:00:00'),(19,'IA','Image Analysis',8,'2017-07-02 06:07:29','0000-00-00 00:00:00'),(20,'ST','Statistics',8,'2017-07-02 06:07:29','0000-00-00 00:00:00'),(21,'ML','Machine Learning',8,'2017-07-02 06:07:29','0000-00-00 00:00:00'),(22,'MC','Microscopy',9,'2017-07-02 06:07:29','0000-00-00 00:00:00'),(23,'MCMF','Micro-engineering & Micro-fluidics',9,'2017-07-02 06:07:29','0000-00-00 00:00:00'),(24,'NE','Nanoengineering',9,'2017-07-02 06:07:29','0000-00-00 00:00:00'),(25,'MCB','Molecular Cell Biology',9,'2017-07-02 06:07:29','0000-00-00 00:00:00'),(26,'MT','Materials',9,'2017-07-02 06:07:29','0000-00-00 00:00:00'),(27,'MMC','Mammalian Cells',10,'2017-07-02 06:07:29','0000-00-00 00:00:00'),(28,'YS','Yeast',10,'2017-07-02 06:07:29','0000-00-00 00:00:00'),(29,'BCT','Bacteria',10,'2017-07-02 06:07:29','0000-00-00 00:00:00'),(30,'VS','Virus',10,'2017-07-02 06:08:00','0000-00-00 00:00:00');
/*!40000 ALTER TABLE `topics` ENABLE KEYS */;
UNLOCK TABLES;

--
-- Table structure for table `user_posts_votes`
--

DROP TABLE IF EXISTS `user_posts_votes`;
/*!40101 SET @saved_cs_client     = @@character_set_client */;
/*!40101 SET character_set_client = utf8 */;
CREATE TABLE `user_posts_votes` (
  `vote_id` int(11) NOT NULL AUTO_INCREMENT,
  `user_id` varchar(50) NOT NULL,
  `post_id` int(11) NOT NULL,
  `post_type` char(1) NOT NULL,
  `vote_type` char(1) NOT NULL,
  `last_updt_ts` timestamp NOT NULL DEFAULT CURRENT_TIMESTAMP ON UPDATE CURRENT_TIMESTAMP,
  `created_ts` timestamp NOT NULL DEFAULT CURRENT_TIMESTAMP,
  PRIMARY KEY (`vote_id`),
  KEY `userid_vote_fk` (`user_id`),
  KEY `idx_user_posts_votes_upp_nuq` (`user_id`,`post_id`,`post_type`),
  CONSTRAINT `userid_vote_fk` FOREIGN KEY (`user_id`) REFERENCES `users` (`user_id`) ON UPDATE CASCADE
) ENGINE=InnoDB AUTO_INCREMENT=366 DEFAULT CHARSET=latin1;
/*!40101 SET character_set_client = @saved_cs_client */;

--
-- Dumping data for table `user_posts_votes`
--

LOCK TABLES `user_posts_votes` WRITE;
/*!40000 ALTER TABLE `user_posts_votes` DISABLE KEYS */;
INSERT INTO `user_posts_votes` VALUES (358,'venky',17,'Q','0','2018-01-14 12:05:32','2018-01-14 12:05:32'),(360,'venky',1,'Q','0','2018-01-30 15:39:39','2018-01-30 15:39:39'),(361,'venky',1,'A','0','2018-01-30 15:39:42','2018-01-30 15:39:42'),(362,'venky',5,'A','1','2018-01-30 15:39:52','2018-01-30 15:39:52'),(365,'venky',36,'Q','0','2018-03-18 04:03:26','2018-03-18 04:03:26');
/*!40000 ALTER TABLE `user_posts_votes` ENABLE KEYS */;
UNLOCK TABLES;

--
-- Table structure for table `user_tags`
--

DROP TABLE IF EXISTS `user_tags`;
/*!40101 SET @saved_cs_client     = @@character_set_client */;
/*!40101 SET character_set_client = utf8 */;
CREATE TABLE `user_tags` (
  `user_id` varchar(50) NOT NULL,
  `tag_id` int(11) NOT NULL,
  `created_ts` timestamp NOT NULL DEFAULT CURRENT_TIMESTAMP,
  `last_updt_ts` timestamp NOT NULL DEFAULT CURRENT_TIMESTAMP ON UPDATE CURRENT_TIMESTAMP,
  UNIQUE KEY `uidx_ut` (`user_id`,`tag_id`),
  KEY `fk_user_id` (`user_id`),
  KEY `fk_tag2_id` (`tag_id`),
  CONSTRAINT `fk_tag2_id` FOREIGN KEY (`tag_id`) REFERENCES `tags` (`tag_id`),
  CONSTRAINT `fk_user_id` FOREIGN KEY (`user_id`) REFERENCES `users` (`user_id`) ON UPDATE CASCADE
) ENGINE=InnoDB DEFAULT CHARSET=latin1;
/*!40101 SET character_set_client = @saved_cs_client */;

--
-- Dumping data for table `user_tags`
--

LOCK TABLES `user_tags` WRITE;
/*!40000 ALTER TABLE `user_tags` DISABLE KEYS */;
INSERT INTO `user_tags` VALUES ('admin',44,'2017-12-18 14:49:41','0000-00-00 00:00:00'),('admin',46,'2017-12-18 14:49:41','0000-00-00 00:00:00'),('admin',50,'2017-12-18 14:49:41','0000-00-00 00:00:00'),('admin',132,'2017-12-18 14:49:41','0000-00-00 00:00:00'),('admin1',43,'2017-12-18 15:13:00','0000-00-00 00:00:00'),('admin1',62,'2017-12-18 15:13:00','0000-00-00 00:00:00'),('admin1',76,'2017-12-18 15:13:00','0000-00-00 00:00:00'),('admin1',110,'2017-12-18 15:13:00','0000-00-00 00:00:00'),('admin1',145,'2017-12-18 15:13:00','0000-00-00 00:00:00'),('admin1',146,'2017-12-18 15:13:00','0000-00-00 00:00:00'),('admin1',148,'2017-12-18 15:14:18','0000-00-00 00:00:00'),('admin1',157,'2017-12-18 15:13:00','0000-00-00 00:00:00'),('admin1',181,'2017-12-18 15:13:00','0000-00-00 00:00:00'),('bala',19,'2018-02-12 18:41:50','2018-02-12 18:41:50'),('bala',25,'2018-02-12 18:41:50','2018-02-12 18:41:50'),('bala',136,'2018-02-12 18:41:50','2018-02-12 18:41:50'),('bala',140,'2018-02-12 18:41:50','2018-02-12 18:41:50'),('bala',144,'2018-02-12 18:41:50','2018-02-12 18:41:50'),('bala',157,'2018-02-12 18:41:50','2018-02-12 18:41:50'),('Etlester',25,'2017-12-19 17:06:33','0000-00-00 00:00:00'),('Etlester',43,'2017-12-19 17:06:33','0000-00-00 00:00:00'),('Etlester',46,'2017-12-19 17:06:33','0000-00-00 00:00:00'),('Etlester',57,'2017-12-19 17:06:33','0000-00-00 00:00:00'),('Etlester',72,'2017-12-19 17:06:33','0000-00-00 00:00:00'),('Etlester',132,'2017-12-19 17:06:33','0000-00-00 00:00:00'),('Etlester',136,'2017-12-19 17:06:33','0000-00-00 00:00:00'),('Etlester',138,'2017-12-19 17:06:33','0000-00-00 00:00:00'),('Etlester',140,'2017-12-19 17:06:33','0000-00-00 00:00:00'),('Etlester',141,'2017-12-19 17:06:33','0000-00-00 00:00:00'),('Etlester',145,'2017-12-19 17:06:33','0000-00-00 00:00:00'),('Etlester',149,'2017-12-19 17:06:33','0000-00-00 00:00:00'),('Etlester',151,'2017-12-19 17:06:33','0000-00-00 00:00:00'),('Etlester',154,'2017-12-19 17:06:33','0000-00-00 00:00:00'),('Etlester',155,'2017-12-19 17:06:33','0000-00-00 00:00:00'),('Etlester',157,'2017-12-19 17:06:33','0000-00-00 00:00:00'),('Etlester',159,'2017-12-19 17:06:33','0000-00-00 00:00:00'),('Etlester',161,'2017-12-19 17:06:33','0000-00-00 00:00:00'),('Etlester',175,'2017-12-19 17:06:33','0000-00-00 00:00:00'),('Etlester',179,'2017-12-19 17:06:33','0000-00-00 00:00:00'),('Etlester',182,'2017-12-19 17:06:33','0000-00-00 00:00:00'),('ic',63,'2017-12-10 16:05:21','0000-00-00 00:00:00'),('ic',127,'2017-12-10 16:05:21','0000-00-00 00:00:00'),('ic',128,'2017-12-10 16:05:21','0000-00-00 00:00:00'),('ic',138,'2017-12-19 19:12:36','0000-00-00 00:00:00'),('ic',143,'2017-12-19 19:17:07','0000-00-00 00:00:00'),('ic',154,'2017-12-19 19:16:40','0000-00-00 00:00:00'),('ic',159,'2017-12-19 21:22:13','0000-00-00 00:00:00'),('ic',161,'2017-12-19 19:12:36','0000-00-00 00:00:00'),('ic',162,'2017-12-19 19:12:36','0000-00-00 00:00:00'),('jackson',17,'2017-11-01 17:15:02','0000-00-00 00:00:00'),('jackson',39,'2017-11-01 17:15:02','0000-00-00 00:00:00'),('jackson',46,'2017-11-01 17:15:02','0000-00-00 00:00:00'),('jackson',50,'2017-11-01 17:15:02','0000-00-00 00:00:00'),('jackson',76,'2017-11-01 17:15:02','0000-00-00 00:00:00'),('jackson',85,'2017-11-01 17:15:02','0000-00-00 00:00:00'),('jackson',102,'2017-11-01 17:15:02','0000-00-00 00:00:00'),('john12345',46,'2018-02-11 15:45:12','2018-02-11 15:45:12'),('john12345',132,'2018-02-11 15:45:12','2018-02-11 15:45:12'),('john12345',138,'2018-02-11 15:45:12','2018-02-11 15:45:12'),('john12345',179,'2018-02-11 15:45:12','2018-02-11 15:45:12'),('johny',1,'2017-11-01 17:20:19','0000-00-00 00:00:00'),('johny',3,'2017-11-01 17:20:19','0000-00-00 00:00:00'),('johny',40,'2017-11-01 17:20:19','0000-00-00 00:00:00'),('johny',63,'2017-11-01 17:20:19','0000-00-00 00:00:00'),('johny',76,'2017-11-01 17:20:19','0000-00-00 00:00:00'),('johny',85,'2017-11-01 17:20:19','0000-00-00 00:00:00'),('johny',91,'2017-11-01 17:20:19','0000-00-00 00:00:00'),('johny',102,'2017-11-01 17:20:19','0000-00-00 00:00:00'),('johny',109,'2017-11-01 17:20:19','0000-00-00 00:00:00'),('kooper',59,'2018-03-14 15:06:29','2018-03-14 15:06:29'),('kooper',142,'2018-03-14 15:06:29','2018-03-14 15:06:29'),('kooper',145,'2018-03-14 15:06:29','2018-03-14 15:06:29'),('kooper',178,'2018-03-14 15:06:29','2018-03-14 15:06:29'),('lara',46,'2018-03-22 19:15:16','2018-03-22 19:15:16'),('lara',140,'2018-03-22 19:15:16','2018-03-22 19:15:16'),('lara',154,'2018-03-22 19:15:16','2018-03-22 19:15:16'),('lara',163,'2018-03-22 19:15:16','2018-03-22 19:15:16'),('mark',138,'2018-01-14 13:00:00','2018-01-14 13:00:00'),('mark',184,'2018-01-14 13:00:00','2018-01-14 13:00:00'),('maxbond',2,'2017-11-26 17:53:01','0000-00-00 00:00:00'),('maxbond',3,'2017-11-26 17:53:01','0000-00-00 00:00:00'),('maxbond',74,'2017-11-26 17:53:01','0000-00-00 00:00:00'),('maxbond',81,'2017-11-26 17:53:01','0000-00-00 00:00:00'),('maxbond',102,'2017-11-26 17:53:01','0000-00-00 00:00:00'),('N',23,'2017-09-11 02:51:27','0000-00-00 00:00:00'),('N',24,'2017-09-11 02:51:27','0000-00-00 00:00:00'),('N',25,'2017-09-11 02:51:27','0000-00-00 00:00:00'),('N',39,'2017-09-11 02:51:27','0000-00-00 00:00:00'),('N',94,'2017-09-11 02:51:27','0000-00-00 00:00:00'),('N',95,'2017-09-11 02:51:27','0000-00-00 00:00:00'),('N',96,'2017-09-11 02:51:27','0000-00-00 00:00:00'),('Nash',34,'2017-12-21 18:27:24','0000-00-00 00:00:00'),('Nash',65,'2017-08-20 17:38:36','0000-00-00 00:00:00'),('Nash',66,'2017-08-20 17:38:36','0000-00-00 00:00:00'),('Nash',67,'2017-08-20 17:38:36','0000-00-00 00:00:00'),('Nash',68,'2017-08-20 17:38:36','0000-00-00 00:00:00'),('Nash',102,'2017-12-21 18:27:24','0000-00-00 00:00:00'),('Nash',143,'2017-12-21 18:27:24','0000-00-00 00:00:00'),('Nash',150,'2017-12-21 18:27:24','0000-00-00 00:00:00'),('Nash',156,'2017-12-21 18:27:24','0000-00-00 00:00:00'),('nrperez',1,'2017-09-04 11:44:02','0000-00-00 00:00:00'),('nrperez',46,'2017-09-04 11:44:02','0000-00-00 00:00:00'),('nrperez',59,'2017-09-04 11:44:02','0000-00-00 00:00:00'),('sbhatt11',1,'2017-11-25 22:58:58','0000-00-00 00:00:00'),('sbhatt11',39,'2017-11-25 22:58:58','0000-00-00 00:00:00'),('sbhatt11',49,'2017-11-25 22:58:58','0000-00-00 00:00:00'),('sbhatt11',50,'2017-11-25 22:58:58','0000-00-00 00:00:00'),('sbhatt11',85,'2017-11-25 22:58:58','0000-00-00 00:00:00'),('sbhatt11',110,'2017-11-25 22:58:58','0000-00-00 00:00:00'),('shobujan92',1,'2018-02-17 06:02:45','2018-02-17 06:02:45'),('shobujan92',44,'2018-02-17 06:02:45','2018-02-17 06:02:45'),('shobujan92',46,'2018-02-17 06:02:45','2018-02-17 06:02:45'),('shobujan92',62,'2018-02-17 06:02:45','2018-02-17 06:02:45'),('shobujan92',151,'2018-02-17 06:02:45','2018-02-17 06:02:45'),('Shovna92',82,'2017-09-09 06:51:23','0000-00-00 00:00:00'),('smarket',1,'2017-12-25 15:39:03','2017-12-25 15:39:03'),('smarket',81,'2017-12-25 15:39:03','2017-12-25 15:39:03'),('smarket',137,'2017-12-25 15:39:03','2017-12-25 15:39:03'),('smarket',151,'2017-12-25 15:39:03','2017-12-25 15:39:03'),('smarket',175,'2017-12-25 15:39:03','2017-12-25 15:39:03'),('sp',1,'2017-11-09 15:42:40','0000-00-00 00:00:00'),('sp',3,'2017-11-09 15:42:40','0000-00-00 00:00:00'),('sp',25,'2017-11-09 15:41:29','0000-00-00 00:00:00'),('sp',38,'2017-11-09 15:41:29','0000-00-00 00:00:00'),('sp',39,'2017-11-09 15:41:29','0000-00-00 00:00:00'),('sp',40,'2017-11-09 15:42:40','0000-00-00 00:00:00'),('sp',46,'2017-11-09 15:41:29','0000-00-00 00:00:00'),('sp',60,'2017-11-09 15:42:40','0000-00-00 00:00:00'),('sp',63,'2017-11-09 15:42:40','0000-00-00 00:00:00'),('sp',79,'2017-11-09 15:41:29','0000-00-00 00:00:00'),('sp',84,'2017-11-09 15:41:29','0000-00-00 00:00:00'),('sp',102,'2017-11-09 15:41:29','0000-00-00 00:00:00'),('sp',112,'2017-11-09 15:41:29','0000-00-00 00:00:00'),('spiderX',62,'2018-01-11 20:38:15','2018-01-11 20:38:15'),('spiderX',141,'2018-01-11 20:38:15','2018-01-11 20:38:15'),('spiderX',150,'2018-01-11 20:38:15','2018-01-11 20:38:15'),('spiderX',164,'2018-01-11 20:38:15','2018-01-11 20:38:15'),('user1',46,'2018-01-03 19:05:41','2018-01-03 19:05:41'),('user1',50,'2018-01-03 19:05:41','2018-01-03 19:05:41'),('user1',107,'2018-01-03 19:05:41','2018-01-03 19:05:41'),('user1',138,'2018-01-03 19:05:41','2018-01-03 19:05:41'),('user1',140,'2018-01-03 19:05:41','2018-01-03 19:05:41'),('user1',142,'2018-01-03 19:05:41','2018-01-03 19:05:41'),('venky',45,'2018-01-22 18:19:08','2018-01-22 18:19:08'),('venky',192,'2018-01-22 18:19:08','2018-01-22 18:19:08');
/*!40000 ALTER TABLE `user_tags` ENABLE KEYS */;
UNLOCK TABLES;

--
-- Table structure for table `users`
--

DROP TABLE IF EXISTS `users`;
/*!40101 SET @saved_cs_client     = @@character_set_client */;
/*!40101 SET character_set_client = utf8 */;
CREATE TABLE `users` (
  `user_id` varchar(50) NOT NULL,
  `disp_name` varchar(200) NOT NULL,
  `encrypt_pwd` char(40) NOT NULL,
  `email_addr` char(50) NOT NULL,
  `ph_num` bigint(20) DEFAULT '0',
  `location` varchar(100) DEFAULT ' ',
  `description` longtext,
  `shrt_bio` varchar(100) DEFAULT ' ',
  `pro_img_url` char(200) DEFAULT 'https://i.imgur.com/9fewsSs.jpg',
  `status` char(1) NOT NULL DEFAULT 'A',
  `up_votes` smallint(6) NOT NULL DEFAULT '0',
  `down_votes` smallint(6) NOT NULL DEFAULT '0',
  `created_ts` timestamp NOT NULL DEFAULT CURRENT_TIMESTAMP,
  `last_updt_ts` timestamp NOT NULL DEFAULT CURRENT_TIMESTAMP ON UPDATE CURRENT_TIMESTAMP,
  `dob` date DEFAULT '1970-01-01',
  `fpstatus` tinyint(1) NOT NULL DEFAULT '0',
  `fpkey` varchar(256) DEFAULT NULL,
  PRIMARY KEY (`user_id`)
) ENGINE=InnoDB DEFAULT CHARSET=latin1;
/*!40101 SET character_set_client = @saved_cs_client */;

--
-- Dumping data for table `users`
--

LOCK TABLES `users` WRITE;
/*!40000 ALTER TABLE `users` DISABLE KEYS */;
INSERT INTO `users` VALUES ('admin','Administrator','e6e061838856bf47e1de730719fb2609','admin@xyz.com',2019873478,'USA','this is a long description','','https://i.imgur.com/9fewsSs.jpg','A',0,0,'2017-12-18 14:49:24','2018-02-17 05:46:11','1970-01-01',0,NULL),('admin1','Administrator A','7ece99e593ff5dd200e2b9233d9ba654','admin@123.com',78945612332,'','','','https://i.imgur.com/9fewsSs.jpg','A',0,0,'2017-12-18 15:12:42','2018-02-17 05:46:11','1970-01-01',0,NULL),('bala','Bala','9a5aab71aac4028688f5eda14f55f1f0','bkybala9@gmail.com',0,' ',NULL,' ','https://i.imgur.com/9fewsSs.jpg','A',0,0,'2018-02-12 18:41:22','2018-03-22 19:53:24','1970-01-01',0,'b6f892ac8bcf7ffae241e20358ffd651223c2e6dbed14d859383f59a45173688'),('Cha0s','Arijit Mukherjee','5f4dcc3b5aa765d61d8327deb882cf99','paytmuse@gmail.com',0,'',NULL,'','https://i.imgur.com/9fewsSs.jpg','A',0,0,'2017-07-29 10:36:50','2018-02-17 05:46:11','1970-01-01',0,NULL),('Etlester','Evan Lester','1d7dc9060b2574236f1a3706a6feda3a','Evan.Lester@Colorado.edu',0,'',NULL,'','https://i.imgur.com/9fewsSs.jpg','A',0,0,'2017-12-19 17:04:50','2018-02-17 05:46:11','1970-01-01',0,NULL),('Foobar','Foo Bar','6a42556f79db08a251013317d86ca2f7','foo@bar.com',0,'',NULL,'','https://i.imgur.com/9fewsSs.jpg','A',0,0,'2017-07-27 18:03:40','2018-02-17 05:46:11','1970-01-01',0,NULL),('H','H','23ca472302f49b3ea5592b146a312da0','Ajsbs. Gmail.',0,'',NULL,'','https://i.imgur.com/9fewsSs.jpg','A',0,0,'2017-12-05 04:13:10','2018-02-17 05:46:11','1970-01-01',0,NULL),('ic','Ikbal Choudhury','e9610e4712681ca8be93a4058d339141','mchoudh6@jhu.edu',4438250008,'USA','Grad student in Johns Hopkins University','','https://s3.amazonaws.com/sciencemarket.org/uploads/2b35fe87800573759757b62d18b1f81a.png','A',1,0,'2017-07-23 18:02:55','2018-03-18 04:03:26','1970-01-01',0,NULL),('jackson','john smith','48c6b478c129714f40193c0a630312e4','1234abcd@gmail.com',0,'',NULL,'','https://i.imgur.com/9fewsSs.jpg','A',0,0,'2017-11-01 17:10:48','2018-02-17 05:46:11','1970-01-01',0,NULL),('john','john doe','cb6f3b8fa1aa7248aee240f594448a39','johndoe@xyz.com',0,' ',NULL,' ','https://i.imgur.com/9fewsSs.jpg','A',0,0,'2017-12-24 17:42:13','2018-02-17 05:46:11','1970-01-01',0,NULL),('john12345','john doe','85064efb60a9601805dcea56ec5402f7','xyz@qwe.com',0,' ',NULL,' ','https://i.imgur.com/9fewsSs.jpg','A',0,0,'2018-02-11 15:43:56','2018-02-17 05:46:11','1970-01-01',0,NULL),('johny','johny depp','b394bda44e28ba5bf92d5e47acbf38ef','johnydepp@gmail.com',0,'',NULL,'','https://i.imgur.com/9fewsSs.jpg','A',0,0,'2017-11-01 17:20:04','2018-02-17 05:46:11','1970-01-01',0,NULL),('jsmith','John Smith','1254737c076cf867dc53d60a0364f38e','jsmith93@gmail.com',0,'',NULL,'','https://i.imgur.com/9fewsSs.jpg','A',0,0,'2017-07-30 06:14:29','2018-02-17 05:46:11','1970-01-01',0,NULL),('kooper','charles kooper','4b245fb92480794607685d4bd3c8f13f','kooper@gmail.com',9999911111,'europe','no description required','inspector','https://s3.amazonaws.com/sciencemarket.org/uploads/3b4bd2ca9027ba7dd63f185777e9bda8.jpeg','A',0,0,'2018-03-14 15:06:15','2018-03-14 15:09:54','1982-10-13',0,NULL),('lara','Lara Croft','430eb9de135ada27cba7c930f67efec7','vn1123@gmail.com',6322256899,'','',' ','https://i.imgur.com/9fewsSs.jpg','A',0,0,'2018-03-22 19:15:06','2018-03-22 19:18:48','1969-08-22',0,NULL),('mark','Mark Spencers','95e7f080d93915662d9a2f486417e2ae','mark@gmail.com',2012388671,'New Jersey','','result oriented person.','https://i.imgur.com/9fewsSs.jpg','A',0,0,'2018-01-11 20:08:12','2018-02-17 05:46:11','1970-01-01',0,NULL),('maxbond','Tinish Bhattacharya','23285a2b4247c975b167eb088db29da6','mymail.tinishbhat@gmail.com',0,'',NULL,'','https://i.imgur.com/9fewsSs.jpg','A',0,0,'2017-11-26 17:51:47','2018-02-17 05:46:11','1970-01-01',0,NULL),('N','Venkateshan N','25e15b67f77ee84913fa5f48502a27aa','venkycse930@gmail.com',9177736681,'India','aka Venky','','uploads/N.JPG','A',2,1,'2017-07-23 06:58:07','2018-03-21 15:05:23','1970-01-01',0,NULL),('Nash','Coolio','ab23b926c99b58b5b29fabf197b21c0c','Nashdeltarochman@gmail.com',0,'USA','I am me.','','uploads/Nash.jpg','A',0,0,'2017-07-23 22:28:49','2018-02-17 05:46:11','1970-01-01',0,NULL),('NicoPerez','Nicolás Perez','210ff2a7469c8407522eca4d3df7c41b','nicomplex90@gmail.com',14433266508,'USA','','','https://i.imgur.com/9fewsSs.jpg','A',0,0,'2017-07-24 05:54:38','2018-02-17 05:46:11','1970-01-01',0,NULL),('nrperez','Nicolas Perez','3a9c92419100c0dc6aec9d693b3dc828','nicomplex90@gmail.com',0,'',NULL,'','uploads/nrperez.jpg','A',1,0,'2017-08-06 14:11:02','2018-02-17 05:46:11','1970-01-01',0,NULL),('poojaudayan','Pooja Udayan','7c96bce64ce7193d72fdee68e5c1dbc6','udayan.pooja1@gmail.com',0,'',NULL,'','https://i.imgur.com/9fewsSs.jpg','A',0,0,'2017-09-17 09:12:22','2018-02-17 05:46:11','1970-01-01',0,NULL),('rob','Robert','a925576942e94b2ef57a066101b48876','rob@gmail.com',0,'',NULL,'','https://i.imgur.com/9fewsSs.jpg','I',0,0,'2017-10-29 15:17:50','2018-02-17 05:46:11','1970-01-01',0,NULL),('satish.biv','Satish','a2dcf430b5117cbd904ff6fd54b45176','satish.biv@gmail.com',0,'',NULL,'','https://i.imgur.com/9fewsSs.jpg','A',0,0,'2017-09-04 06:29:20','2018-02-17 05:46:11','1970-01-01',0,NULL),('sbhatt11','Sayak Bhattacharya','6eea9b7ef19179a06954edd0f6c05ceb','sbhatt11@jhu.edu',0,'',NULL,'','https://i.imgur.com/9fewsSs.jpg','A',0,0,'2017-11-25 22:58:22','2018-02-17 05:46:11','1970-01-01',0,NULL),('Science','Science market','63ef076b8a8050acd848c120523e7393','science@market.org',0,'',NULL,'','https://i.imgur.com/9fewsSs.jpg','A',0,0,'2017-07-27 18:06:56','2018-02-17 05:46:11','1970-01-01',0,NULL),('shobujan92','Shovna Niladri','e8e683c2265cbf03475b572d6dd83b48','shobujan92@gmail.com',0,' ',NULL,' ','https://i.imgur.com/9fewsSs.jpg','A',0,0,'2018-02-17 06:02:33','2018-03-18 13:44:32','1970-01-01',0,NULL),('Shovna92','N Shovna','ff45bb9c1f763727efdb73979b3976cd','shovna.aec64@gmail.com',0,'',NULL,'','uploads/Shovna92.jpg','A',0,0,'2017-09-09 06:48:39','2018-02-17 05:46:11','1970-01-01',0,NULL),('smarket','science market','6c201fd9ed93b487a49bc43ef1dccb23','venkycse931@gmail.com',0,'','','','https://i.imgur.com/9fewsSs.jpg','A',0,0,'2017-12-25 15:38:51','2018-03-21 15:05:23','1970-01-01',0,NULL),('sp','sparky','a269d17349ce29a77a89c7ec4ed0c3d4','sparky@gmail.com',0,'',NULL,'','https://i.imgur.com/9fewsSs.jpg','A',0,0,'2017-11-09 15:40:14','2018-02-17 05:46:11','1970-01-01',0,NULL),('spiderX','Stan Lee','5c14b9739c2f380efc595af0970eb0f7','marvelcomics@stan.lee',0,' ',NULL,' ','https://i.imgur.com/9fewsSs.jpg','A',0,0,'2018-01-11 20:37:57','2018-02-17 05:46:11','1970-01-01',0,NULL),('TrialNash','TrialNash','efa47279abc297b4de2bf39cc9652bc4','nashdeltarochman@gmail.com',7152095205,'USA','23','','https://i.imgur.com/9fewsSs.jpg','A',0,0,'2017-07-23 14:52:09','2018-02-17 05:46:11','1970-01-01',0,NULL),('user1','Anonymous user','b5b73fae0d87d8b4e2573105f8fbe7bc','user1@gmail.com',7894561235,'Huawei','always touch the zenith','as I told am anonymous','uploads/user1.JPG','A',0,0,'2017-08-21 05:11:35','2018-02-17 05:46:11','1992-05-20',0,NULL),('venky','Venkateshan N','25e15b67f77ee84913fa5f48502a27aa','venkycse93@gmail.com',9177736681,'Hyderabad','Hi all. Good night. :&#039;)','If it is to be it is up to me','https://s3.amazonaws.com/sciencemarket.org/uploads/f00c90ebd8703d558ce02b2b3531225e.png','A',0,0,'2017-08-06 17:14:45','2018-03-22 18:52:55','2018-01-10',1,'c5ed2d3d1aaaf7e44f22d9af27698aeba429214db2a97afd8b0d0c8136e42dad'),('what if I','what if','d8578edf8458ce06fbc5bb76a58c5ca4','ikbal.choudhuryth@gmail.com',0,'',NULL,'','https://i.imgur.com/9fewsSs.jpg','A',0,0,'2017-11-26 16:21:05','2018-02-17 05:46:11','1970-01-01',0,NULL);
/*!40000 ALTER TABLE `users` ENABLE KEYS */;
UNLOCK TABLES;
/*!40103 SET TIME_ZONE=@OLD_TIME_ZONE */;

/*!40101 SET SQL_MODE=@OLD_SQL_MODE */;
/*!40014 SET FOREIGN_KEY_CHECKS=@OLD_FOREIGN_KEY_CHECKS */;
/*!40014 SET UNIQUE_CHECKS=@OLD_UNIQUE_CHECKS */;
/*!40101 SET CHARACTER_SET_CLIENT=@OLD_CHARACTER_SET_CLIENT */;
/*!40101 SET CHARACTER_SET_RESULTS=@OLD_CHARACTER_SET_RESULTS */;
/*!40101 SET COLLATION_CONNECTION=@OLD_COLLATION_CONNECTION */;
/*!40111 SET SQL_NOTES=@OLD_SQL_NOTES */;

-- Dump completed on 2018-03-23  9:39:30
